0.00832191836087107,0.008356125303959247,0.008547621025218152,0.008528282532057032
0.025454470696718183,7.02461535316012e-5,3.8987258104995125e-5,4.40346839277063e-5
0.037229976327920335,0.009248870359677868,5.13171555290328e-5,3.314323997522357e-5
0.024048948242235694,0.021208182071117895,0.0027376063555808834,2.923358078240594e-5
0.006348417901924102,0.02070477696724542,0.013280350250794,2.1328334938914003e-5
0.0022417885943867644,0.016966554580986486,0.01849709306429668,0.013732147566397157
0.0008308151226249418,0.015342756888154141,0.008616570494382846,0.0023439622538880454
0.0017249888580051255,0.004552726397538362,0.021673174807347633,0.02274474222698371
0.002257670745197431,0.0033401258854549453,0.0032625983972777365,0.00408490043262628
0.0008885766398855109,0.0017632499840699116,0.012819510044189972,0.013411216420820595
0.0009369496681144409,0.0012430133375874648,0.005821586970359061,0.010923779056448356
0.005009586536717714,0.0007307068901888934,0.0012824564611740503,0.0008856399145289595
0.00304431705088331,0.0004617557575352251,0.002649412094739103,0.010628334483371239
0.0034886293544838273,0.0004352544555805042,0.0013424162139072902,0.007453575735423478
0.002775152762026565,0.0006453257793588948,0.0010914758837181134,0.0008580612406192664
0.005280703537384147,0.0005724796080157143,0.0006513987427433706,0.0010291720916948978
0.004694509867418197,0.0017930558303103836,0.0008989965474362594,0.002119511811317217
0.006675121929314522,0.0006465410771355589,0.00035758343232210967,0.001163426581627698
0.005415548793735473,0.0007204071213256097,0.0002631306629308576,0.0009270441903031775
0.005536168728633089,0.000497655238141356,0.000285422988334764,0.000821305459892523
0.006452898695214162,0.00046975450453630506,0.0002843746603148763,0.0005593672448210054
0.006629622892056835,0.00030777085327500986,0.00037211797925380607,0.0005235685378586824
0.007346531421675526,0.0034959340169939453,3.438373689825857e-5,0.0003679581783216696
0.007029613317789118,0.0020021511067223117,0.0009179137328281844,0.0004095563305121159
0.007634416579453151,0.0011877107745674577,0.0016288710495946375,0.00024139693676188337
0.008046558409035268,0.0018588696302577188,0.00023554738033412797,0.00020586850295650725
0.008273226911164664,0.0018430439633577913,0.0006017568014556019,0.00012908836247792536
0.00874277437324258,0.0014586562064483808,0.0003225818556117882,0.0001641715817940972
0.00904582537544775,0.0015169704129855395,0.00040252040228080184,0.00031137529736861906
0.009485457298892159,0.0012734017763782598,0.00021746650204321685,0.0001332185506604793
0.009890775960519172,0.0027846673863488277,0.00033700322509943724,0.00025066711565273407
0.010492819936359556,0.0034480691916570264,0.00037799590719661373,0.0008731953898256135
0.010576323587588891,0.0018430250650180167,0.0003258163911127697,0.0013279463160999286
0.010973721014257275,0.002180429120067742,0.0022813673844161984,0.00027847986810589846
0.011362621546622403,0.0035704076321997173,0.002565304409647591,0.00016383354930920628
0.011735333688667924,0.0035565259893154035,0.0006745178471162256,0.0005476165088746462
0.012361377761163106,0.0025071647565667217,0.0005273714500771051,0.00024829808060628
0.012415837866101427,0.0025148118565504044,0.0012594747543877738,0.0003092761517779701
0.012801487596524948,0.0026618633177464945,0.0010903972280861302,0.00021468010260116923
0.013184655464371156,0.003073516234718596,0.0015728585020179805,0.00013169986137763379
0.013517436615512876,0.0034077652127540107,0.0009463813435640038,0.0002678458507434592
0.014105068789773828,0.0030239172935878304,0.000935334040391882,0.0003242776811674529
0.014514695563223136,0.0034990971226570864,0.0010189835036811365,0.0002005779417925082
0.01482661725241934,0.0031116081542887884,0.000815915181365484,0.000294981371803047
0.014997562580455063,0.0037851190040943295,0.000879123704623861,0.0014259570997294643
0.015252296166517533,0.0036510816445318,0.0014124150700840909,0.0029999235285958934
0.01571658995302443,0.0035200127478398394,0.003686771383830307,0.0006824481739231004
0.016001966613111564,0.0035386263958317693,0.0012116882345326306,0.00036896125378451305
0.016103081843417712,0.0037070525407728308,0.0011850795339403964,0.0004369406266707565
0.016336175441217154,0.004062444855735453,0.0014191395508296458,0.0006002780964060125
0.016303122339672158,0.003979057770139023,0.0015086913392924836,0.0012857574234322025
0.01656873242795601,0.004059288483139895,0.0024883705223959743,0.0006988691993529403
0.01664514609809108,0.003967047056549305,0.0026194296270847413,0.0012104637496405612
0.01662058457859733,0.004281422305962499,0.001999646177918343,0.0007720452322606744
0.016681624076346952,0.004301208283687184,0.0016700937161950515,0.0006878549152078138
0.016608414953337848,0.0044107744053219315,0.001744794454049585,0.0007166586504073194
0.016560221181565877,0.004476252544312576,0.001637789956783755,0.000802858080926276
0.016510662670160724,0.004707595604651473,0.0016548646885948541,0.0006340748948864044
0.016356319942146244,0.004706986373271653,0.0021707475053628594,0.0005879137848994751
0.016071492308007175,0.004804618244584565,0.0019620166675663932,0.0006709619789106396
0.015839608908743818,0.00497587501370514,0.0024194110583504688,0.0008419096224912435
0.015621964222415165,0.004972789734211087,0.001856218306867245,0.0031043594840739477
0.015359099270412917,0.005128524738137506,0.002126596398186507,0.0015632888318716873
0.015069252674971332,0.005193896478333609,0.002520945146150705,0.0008362585752463676
0.014657967999895646,0.005277308040868989,0.002073262227647464,0.0008410658499209508
0.014394846177439075,0.005516323324637794,0.0020472923516669196,0.0010940201849954797
0.013832332494945207,0.005519435114793643,0.0025495425999016615,0.0010842881982447252
0.013379963662429484,0.005523107124906536,0.0025464086775174575,0.0011335486411388435
0.012974296197715342,0.005612468278639628,0.0023836124143030257,0.0019168776562214036
0.012491210609608693,0.005800339839131483,0.0023347538772325147,0.0019510064734266656
0.012018709582993526,0.0058073216934100644,0.0023665683772148833,0.0020002684910696185
0.011535487157789192,0.0059291084126142585,0.002338419405926538,0.001296265996282535
0.011053623299939424,0.006077909813885778,0.0023780751507938404,0.0011382871389403492
0.010538676058041397,0.006099879451658384,0.0028715735412288856,0.0014021743729051574
0.010086826303265984,0.00623851489361525,0.00257312255335416,0.0012459595475205942
0.009604346184389094,0.006356050780211247,0.0026076978051300824,0.0012254407835220616
0.00906417800005976,0.0063579738093068406,0.0027480123839667848,0.0011521216557341275
0.00857552090716847,0.006561363038479187,0.002677845311633177,0.0016301613671884096
0.008080037613620682,0.006533372527407651,0.002623810253186692,0.0015503973321132412
0.007578684534994908,0.006673034763476065,0.0027194150811651403,0.0014682438709999965
0.007123059222604274,0.006724750248414613,0.002945297245571201,0.001957474994937959
0.006675663946327622,0.00689478559473979,0.002851557254760802,0.0013950040970318485
0.006241365234503415,0.006974461518048065,0.0029276009662677475,0.0014691615814347201
0.005825794252261706,0.007088263589568349,0.0028618799375209236,0.0016316051433224992
0.005436843076733816,0.0071868967500446175,0.0031096814940555183,0.001937319035467001
0.005069006967973537,0.007281580245306318,0.0030699722384394273,0.0016103910335614664
0.004729145868862406,0.007405426693032262,0.003069190055390204,0.0014789190721573072
0.004390466567619121,0.007436129758514813,0.003144023278088924,0.001557798745382221
0.004044237974854992,0.007548381802341235,0.003188642330327459,0.001975143915321983
0.0037343212676181677,0.007579386434438917,0.003276076780354465,0.0018862422788058855
0.003451113029234902,0.007621998759220118,0.0032299944344742516,0.001998650909608915
0.0031712276665298157,0.007701820180641274,0.0033491561555011877,0.0016177879533393058
0.0029170682790647545,0.007830292488247497,0.003325734741104358,0.0017921594106655183
0.002681598284617131,0.007934678157081055,0.0034012263550794483,0.001777175385269386
0.0024649747968188205,0.007957490116326143,0.0034434246820740115,0.0017647076661202355
0.0022633735718827243,0.007993888415858724,0.003544844521307884,0.0017484911514794902
0.002073793157854648,0.007984512041288831,0.003548933903794433,0.0017537281076348361
0.0019011327005706798,0.008062785919524983,0.0035602957036023086,0.00212388195979766
0.0017430688299238581,0.008177602695608674,0.0035644924109910336,0.00207534521524815
0.0015947730228387537,0.00814688206287293,0.0036754268197338575,0.0019151843153036685
0.0014558690926927333,0.008147906094963861,0.0037116426962809164,0.0019174230289336883
0.001331276865540215,0.008243101204831625,0.0037358037924871503,0.0020748890227971044
0.0012164124118107119,0.008310604809907833,0.003762027303889273,0.002016917609080471
0.0011101179229910322,0.008286678794822998,0.003809338455219644,0.001972868145927122
0.001014162292926439,0.008288631304580784,0.003906521177130376,0.001973871037473007
0.0009269667358741219,0.00829941969154558,0.0038816175182828324,0.0020166157064285266
0.0008471826496212317,0.00828145958547787,0.003915860456589486,0.0021380656178585635
0.0007745742568162435,0.008325691264642755,0.003954380682910801,0.002182386168019952
0.0007083629580439346,0.008335806058485497,0.004051992459590264,0.0021539148443657733
0.0006480566016101166,0.008330256440079122,0.004064349575275324,0.0021922180836109677
0.0005933247172777226,0.008309604832476973,0.004101614340847596,0.0022162236894944115
0.0005432456366234157,0.008317619540583299,0.004128898383109669,0.002128312334775073
0.0004973954743730275,0.008296035949535993,0.004136760673029187,0.0023160382734907677
0.00045548960344817864,0.008285642088029023,0.004236358005860241,0.002266244547336563
0.00041753081666335857,0.00826156734047316,0.004254914733739527,0.0023347772059779223
0.0003832887369969047,0.008246851765885724,0.004278564830422909,0.002348518899191461
0.0003517534633560569,0.008202194020693429,0.0043418463653667715,0.0022991903956978226
0.0003230808907754057,0.008163690080893907,0.004386200070388161,0.0023845161865942953
0.0002968657728693086,0.008066799306111917,0.004483328583589672,0.0024234501777281653
0.00027282833047936644,0.008003137781322299,0.0044471074477252,0.0024602388868489363
0.00025076389525464454,0.007955298034456632,0.004547749487775311,0.0024708095127763253
0.00023087845751456566,0.007886732235514227,0.004540070649585753,0.0024596326017991377
0.00021280949392368456,0.007828005798902679,0.004589659988326498,0.0025052746135671676
0.00019626932498525217,0.007787551469695744,0.004644377066580891,0.0025079092979652623
0.00018099016148889202,0.007684939481412083,0.0047312112964891535,0.0025439970739149944
0.00016702721522755915,0.007629424790592297,0.004703637877338998,0.0026025637989251795
0.00015431547452073743,0.007564169397464005,0.0047657533356832244,0.0025805063805433943
0.0001427332967458779,0.007451735494978698,0.004800333727999858,0.002641959806690339
0.00013212666609961393,0.007343220830075293,0.004876974352144493,0.0026424707202170345
0.00012239043574553362,0.007251498134325846,0.0049227385557218195,0.0026166110059536577
0.00011342066270934813,0.007197861930341907,0.004904553025176233,0.002751209089056195
0.00010514181719865127,0.007056801852807971,0.004951003120717779,0.0027163403039148037
9.756393357858719e-5,0.00693711997472722,0.004994158606784409,0.0027394347070256587
9.061645088417696e-5,0.006827644915982885,0.005063028043512657,0.0027411473839370317
8.42609630261629e-5,0.006727519625110199,0.005048478441074727,0.002782659336108752
7.83347311184359e-5,0.0066257235348469515,0.005108373060079548,0.002816646196445057
7.28708931874616e-5,0.006526358831224939,0.005176312995643883,0.0028444743147334204
6.787908981672501e-5,0.006424284753365103,0.005165139279602825,0.0028483296141557967
6.324315489622634e-5,0.006292848149130317,0.005215654019175346,0.002880041743868971
5.900372156392684e-5,0.0061808246072488,0.00528287305075552,0.0028962307177864597
5.505065794642785e-5,0.0060797368535054205,0.0052391502857040174,0.0029113047164197486
5.126249592148002e-5,0.005954128727308722,0.0052576122588065995,0.0029321134839169136
4.7822600288151005e-5,0.0058236429538715,0.005341751540542041,0.0029570773455828707
4.4669351000065285e-5,0.005703720392169909,0.00531682523930633,0.002970197982564224
4.176810537567855e-5,0.005572752375404633,0.005367173483175382,0.0030577406887287123
3.909557757874669e-5,0.0054468679522003864,0.005375970057863024,0.003030856252375877
3.661279122556283e-5,0.005310338241038376,0.005412137026709693,0.00303942105441991
3.427234314910537e-5,0.00518872850513006,0.0054732792630335595,0.003076475609584523
3.209752140916697e-5,0.005066273708895079,0.005407256835433645,0.003083344727986871
3.009115370645978e-5,0.004951502646444904,0.005434031474665086,0.003145018278501857
2.823526273734717e-5,0.004834932144812108,0.005424512019113181,0.003157800044644857
2.651425243617611e-5,0.004718443128086176,0.005462970767250077,0.0031804867282580885
2.49152646366933e-5,0.004567473938031352,0.005464351812032943,0.003168702154364515
2.3420355752674802e-5,0.00444225915233239,0.005491497584682362,0.0032193788596983327
2.201749344119546e-5,0.004321762690160694,0.005496267306290763,0.003235928966772489
2.070968144643532e-5,0.004205071534243064,0.005541072524217253,0.0032828749578501498
1.9494438120812927e-5,0.004072511105589087,0.005538695205547263,0.003277228316026061
1.8361509405783583e-5,0.003943662648151207,0.0055454085107943685,0.003282953112539139
1.7306757984852784e-5,0.0038273420911559613,0.005575440220180173,0.0033570542150260217
1.6323150681532843e-5,0.003718480857772991,0.0055228485036305,0.003396197431606816
1.540798911108374e-5,0.003603402117435083,0.005531659417157788,0.0033674941020852014
1.4557375589417916e-5,0.0034903258926616025,0.005538278517895447,0.0033774423661697564
1.3725512969717786e-5,0.0033790838240475574,0.005557447693084664,0.0034500207700734944
1.2930260463252127e-5,0.0032749119302328857,0.005562856723499372,0.0034439299651173416
1.2207821282486465e-5,0.0031645296815915216,0.005538982208751383,0.003476623638370644
1.1537797980412225e-5,0.003054592155716459,0.005551522613176164,0.003498027144318583
1.09137858827211e-5,0.0029497882980535125,0.0055329360783390085,0.003521641361634909
1.0331010094745904e-5,0.002848286839887902,0.005531394139959402,0.0035735059061737964
9.786182631550768e-6,0.0027502330241801183,0.005520836330168665,0.0035566048823933993
9.266416041247293e-6,0.002655147470113435,0.005497814226240104,0.003617911573483414
8.769962301600508e-6,0.0025638833135621553,0.005516266977377648,0.0036443408753896642
8.304847168110066e-6,0.002472288564184233,0.005508468135290121,0.0036391621643596214
7.871332132677169e-6,0.0023844898931888376,0.0055207001545373524,0.0036909236605980437
7.46568459450054e-6,0.0023027400293675494,0.0054871558728742525,0.0036828808535721777
7.0854410423708865e-6,0.002213440819434733,0.005443901460416049,0.0037135783313205187
6.728475574972661e-6,0.002132298034378416,0.005443711716446977,0.0037217495395474873
6.391756079976769e-6,0.002043801053850814,0.005410883011310512,0.0037454074837775823
6.071730370133207e-6,0.0019626611679123642,0.005393306087436738,0.0037707827599053226
5.767975553962767e-6,0.0018866684454272706,0.005344841621710944,0.003804915157567079
5.48168720663169e-6,0.0018142338482061231,0.005320991943422428,0.0038531437546197654
5.212792595052793e-6,0.0017463000166969222,0.00530163301040645,0.0038188558272585537
4.959962684404384e-6,0.0016730265241701441,0.005306562307434034,0.0038421515714268514
4.723393006062068e-6,0.0016075218032786242,0.0052842998137071105,0.003846888858906493
4.507498129410614e-6,0.0015424633261303022,0.005239961351587186,0.0038738640777141605
4.2878051845426474e-6,0.0014767043382435292,0.0051961183872522255,0.003883488471961035
4.075232302764867e-6,0.0014163779754164496,0.005165801456401268,0.003955930093609735
3.879738853297832e-6,0.0013586643959807567,0.0051203502816036875,0.003964574947811043
3.6958602323344834e-6,0.001301756853641108,0.005103461044098294,0.003955071446652586
3.5234762949573154e-6,0.0012469773603021091,0.005078931067163314,0.003951139462705446
3.3610688127950703e-6,0.0011950668460730522,0.005022841786983226,0.00397588093166821
3.20819979721687e-6,0.0011443649504354991,0.004979265994189992,0.003976963688243643
3.065434751262889e-6,0.0010956276918089075,0.004942549621648205,0.003997606370518455
2.927634121991805e-6,0.0010486591807366112,0.004890710133497008,0.004000221148320994
2.7941575121994376e-6,0.0010041881385339034,0.0048579526037906716,0.004025539835716381
2.667531779979614e-6,0.0009620073052022805,0.004821869937744372,0.004030759815835077
2.5481380559229274e-6,0.0009203261938144237,0.0048089279293917105,0.004083542308829369
2.435295134452627e-6,0.0008809838021482902,0.004774312651489852,0.004086645055735783
2.328688461124843e-6,0.0008431544035762768,0.0046991627440022155,0.0040473337453526635
2.227833441449392e-6,0.0008056400911957997,0.004644097780489247,0.004063439725728483
2.132548725368891e-6,0.0007709804439128251,0.004606757958925553,0.00409920313695794
2.0423785057414244e-6,0.0007366388030591923,0.00456219289306583,0.004092785346475965
1.9559535064431847e-6,0.0007041277089183621,0.004507394963357167,0.004085843651288233
1.8730781521414948e-6,0.0006732108855049355,0.00445965668539654,0.004101161589055775
1.7943142024449023e-6,0.0006432956172342166,0.004407602546171383,0.004102398480366644
1.7205074141442612e-6,0.0006152102034148034,0.004363399256182044,0.004153856644679091
1.6541867451206976e-6,0.0005883421264087699,0.004317947622566942,0.004120364764647053
1.5798885466859496e-6,0.0005619429121088553,0.00426157910953418,0.0041116705846034555
1.5146788404677436e-6,0.0005373392648326369,0.0042117429048514465,0.004146894487387937
1.4518928117373603e-6,0.0005132647343310259,0.004148631589733089,0.004131394445503714
1.3937522621914817e-6,0.000490882476171665,0.004093360938655979,0.0041624578705564946
1.33799018640782e-6,0.0004687100453605601,0.004042136415671183,0.004166324178504955
1.2852296302010129e-6,0.0004480784312335864,0.004000642238281042,0.004160474065079431
1.2344682618218125e-6,0.00042856446503388655,0.0039399785185836,0.004129959386825849
1.186595146907929e-6,0.00040956823960419534,0.0038777444066622276,0.00414088553806013
1.1420441783527517e-6,0.0003914918230887179,0.0038259177998403743,0.00418303257105096
1.0980226344585521e-6,0.0003744885412196489,0.0037761028208702484,0.004172622950632216
1.0555944214480564e-6,0.0003580619281832773,0.0037205495673829046,0.004142382949842693
1.0155486848600968e-6,0.00034238651781994016,0.003679415912255828,0.0041743829712472605
9.777116858463366e-7,0.0003273244185473791,0.003622111674552624,0.004165263406654897
9.41671502320992e-7,0.00031302766338906705,0.003553242364384155,0.004143856376148763
9.077108218243508e-7,0.0002994323522225727,0.0034945464388935962,0.004164098273216026
8.748322677617375e-7,0.0002865773970713952,0.0034365618217089226,0.004160833048114034
8.437708384049566e-7,0.00027419963002016184,0.003379895623242181,0.0041637700720524706
8.146655394446238e-7,0.0002623525827447925,0.003334609013404493,0.004156376612077275
7.889350735499951e-7,0.0002510982609308835,0.003265888512363127,0.004146948156454815
7.615440205246146e-7,0.0002402598516149386,0.003208612295459912,0.004150997314547999
7.334251771410698e-7,0.0002298402057670202,0.0031665437585294922,0.004122811695366895
7.088943997724098e-7,0.00022004243255403495,0.00310375709432852,0.004136343861499089
6.847697183540804e-7,0.0002106294170392116,0.003046128992184204,0.004117379391269683
6.636732249706543e-7,0.00020169420658290718,0.0029911939791590733,0.004122982373868495
6.413529479537387e-7,0.00019319897368556921,0.0029382551846132768,0.004110562726461628
6.215641534293625e-7,0.0001852243375980143,0.0028863302671496708,0.004096382868835097
6.017468331876957e-7,0.00017729928034517786,0.0028305114747462423,0.004090189111723338
5.847252030757132e-7,0.00016988740565429344,0.0027886684713596867,0.004070314799420882
5.669565711551556e-7,0.00016288817481681194,0.0027284785155639248,0.004078796737923996
5.528564417768303e-7,0.00015617733914468263,0.002676613073267865,0.004047864499357986
5.35415890411099e-7,0.000149622249067366,0.0026162740769701738,0.004036410164325809
5.233403774838867e-7,0.00014346674355753209,0.0025658467592363106,0.004035062893595745
5.066186474907242e-7,0.00013755930162087123,0.002516990934533855,0.004014171911875261
4.990873034835655e-7,0.00013182773079205786,0.0024618281631371614,0.0040068816460249726
4.844648970774545e-7,0.00012643641401366122,0.0024108291203394777,0.003994050509626254
4.804269647568718e-7,0.00012134279390377323,0.0023608785117120597,0.003961287206597815
4.6132845962750237e-7,0.00011649739661259692,0.0023132533699312388,0.003949095292117305
4.6885987825023075e-7,0.00011174729378163351,0.002263775268989076,0.0039386069298853145
4.466317624231454e-7,0.00010730622241778842,0.0022136136724309687,0.003918853722753787
4.7253742264122087e-7,0.00010306501606327426,0.0021651352483179204,0.003910514821627954
4.48302932895692e-7,9.896770099723333e-5,0.002120271758521292,0.003907548090021521
5.200713080751618e-7,9.504362694508964e-5,0.0020721769133316124,0.003879306109509303
5.459849832246927e-7,9.129650587989418e-5,0.002020788411213948,0.0038497702170947725
1.7584414129014682e-6,8.771046464127152e-5,0.0019740544696389946,0.0038310172471207665
0.0,8.431980668623545e-5,0.0019299246725163791,0.003802969704755357
0.0,8.097551343921156e-5,0.0018859057897014212,0.003804191816705223
0.0,7.787311145048884e-5,0.0018438301920468954,0.0037872037989485565
0.0,7.487720547138351e-5,0.0018014041091343296,0.0037396921960314174
0.0,7.206900028530606e-5,0.001758864450087488,0.0037270313886502843
0.0,6.927165291718422e-5,0.0017158070746582843,0.003699783050307175
0.0,6.668498652905184e-5,0.0016741483775875774,0.003678815058330506
0.0,6.416056129912828e-5,0.001634576352104839,0.0036513702139423553
0.0,6.176867007114454e-5,0.0015922191692406668,0.0036343798984471137
0.0,5.944907265569842e-5,0.0015544094744144403,0.0036058136265311844
0.0,5.716524257814966e-5,0.001517339399019824,0.003602485054542037
0.0,5.503773764509556e-5,0.0014766961804933798,0.0035730126917359693
0.0,5.2980602740172786e-5,0.0014403640671090336,0.0035344581644326596
0.0,5.102217828296549e-5,0.0014023617058121678,0.0035314462011779247
0.0,4.9156659319707e-5,0.0013653691322011855,0.0034899166643137334
0.0,4.7377495015366294e-5,0.0013300722666858783,0.0034613447497099216
0.0,4.5662967358213624e-5,0.0012959006242187444,0.003432293554348027
0.0,4.4015095890641366e-5,0.0012631758957461915,0.0034115365248975193
0.0,4.245474648022907e-5,0.0012297746327511764,0.00339108346853447
0.0,4.094572411938603e-5,0.001198681982284765,0.0033640436982828423
0.0,3.9468673496523975e-5,0.0011679994864006802,0.003326236562195723
0.0,3.8062978813480466e-5,0.0011357476457466763,0.0032926645911953004
0.0,3.670478651097466e-5,0.0011051301421589775,0.003268697617345171
0.0,3.5413443316770407e-5,0.0010751205408634902,0.003246249186818314
0.0,3.418114638102352e-5,0.0010472592664685326,0.0032182894322874377
0.0,3.2970431986380015e-5,0.0010174781320932923,0.0031799617362716524
0.0,3.183772023595421e-5,0.0009887364116886856,0.0031541509725563615
0.0,3.075607384013892e-5,0.0009619978255451066,0.0031233310161930456
0.0,2.969638827737341e-5,0.0009354905693976027,0.003096172965693676
0.0,2.8688357654759213e-5,0.0009099568425661252,0.0030673009226322855
0.0,2.772477597875594e-5,0.0008844682264853275,0.0030440534432718256
0.0,2.674990790495376e-5,0.0008599582057771362,0.0030153247087886005
0.0,2.5848921492896634e-5,0.000835340206111019,0.002979415292183877
0.0,2.4956818920061652e-5,0.0008117205717331353,0.00294782304534878
0.0,2.4124802979647236e-5,0.0007890693644568846,0.002914907160286732
0.0,2.3308231847590745e-5,0.0007666206197052352,0.0028879501725576334
0.0,2.253840644006719e-5,0.0007443752287012289,0.002870072842470958
0.0,2.179140506247405e-5,0.000723122048063894,0.0028271837677734547
0.0,2.1070920126837834e-5,0.0007022294033541364,0.002793878276828446
0.0,2.038756334327708e-5,0.0006821218055053512,0.0027633454304079293
0.0,1.9725865368371435e-5,0.0006623656384327162,0.0027342105851509593
0.0,1.9088644688625524e-5,0.0006439139273647888,0.00269362948462764
0.0,1.8477077143373618e-5,0.0006248687869002573,0.002660446141965235
0.0,1.7886088313073554e-5,0.0006068702623981397,0.0026331078462694365
0.0,1.730709233768129e-5,0.0005897318455396009,0.0026112326033758885
0.0,1.6750287491692735e-5,0.0005722642456245874,0.0025709159602050487
0.0,1.6216286009913265e-5,0.0005563421229233134,0.00253661595830473
0.0,1.5711828648005752e-5,0.0005392058861136492,0.0025108334783420193
0.0,1.5204315647931787e-5,0.0005231746298076725,0.0024797654704899106
0.0,1.4744666294202015e-5,0.0005078200944095316,0.0024419007518748747
0.0,1.4278078299680991e-5,0.0004924843866148009,0.002412720932398461
0.0,1.3846729514402297e-5,0.00047807917438685686,0.002390021085750197
0.0,1.3408568288517292e-5,0.0004638520175686605,0.002357446523662833
0.0,1.2982924574356753e-5,0.0004503854954262962,0.0023223783660196043
0.0,1.2582462309695626e-5,0.00043720253857033165,0.0022879640576329513
0.0,1.219590049507473e-5,0.00042403016179062467,0.0022554221192384047
0.0,1.1826512471410748e-5,0.0004116044535918199,0.002225476408628959
0.0,1.1464729672774048e-5,0.0004002516726236243,0.0021993113163542243
0.0,1.1117918457504211e-5,0.00038802270260225054,0.002167900843048055
0.0,1.07835150623356e-5,0.0003763708939412477,0.002137108495256017
0.0,1.0462371349041624e-5,0.00036507636452501953,0.0021080026911211094
0.0,1.0151135092385962e-5,0.00035432177263640586,0.002080801467736564
0.0,9.85133792036919e-6,0.00034403732966002237,0.0020449485128263578
0.0,9.564109798133928e-6,0.0003337180149721208,0.0020169228957564807
0.0,9.282566520958722e-6,0.00032385002809675266,0.001985535808363649
0.0,9.013232913769616e-6,0.00031401397419066084,0.001956446155316627
0.0,8.748084297822713e-6,0.00030478033533027634,0.0019283564506070365
0.0,8.493663905900418e-6,0.0002956951927526255,0.0018985418380051647
0.0,8.246818062731665e-6,0.0002869487965359641,0.0018691928985558185
0.0,8.009149660833838e-6,0.00027831294934787767,0.001845654327736596
0.0,7.783313614655289e-6,0.0002700459481651446,0.0018170938556763237
0.0,7.559895889908009e-6,0.00026213232575589203,0.0017868265211447676
0.0,7.348075690722809e-6,0.0002545071065850831,0.0017554799135623311
0.0,7.147713430304655e-6,0.00024707744400982094,0.0017273759279538036
0.0,6.933182946570853e-6,0.00023961618771422324,0.0016977616837718713
0.0,6.735297268703196e-6,0.0002325517710747361,0.0016715458443155
0.0,6.54559615599289e-6,0.00022572887216173106,0.0016453786320325188
0.0,6.361646673028555e-6,0.00021903815751833617,0.0016178321015807592
0.0,6.185125429475195e-6,0.00021268529145858857,0.00159059709522416
0.0,6.014259908766826e-6,0.00020648194678610463,0.0015627105385948303
0.0,5.848302402741648e-6,0.00020058062598760158,0.0015368622626664513
0.0,5.687520974894322e-6,0.00019461120062743063,0.0015119167956475924
0.0,5.53243189443673e-6,0.00018892706649645683,0.0014853195718355114
0.0,5.3817392147458996e-6,0.0001834458133534466,0.0014626445057288073
0.0,5.236415158716132e-6,0.00017827228480809566,0.0014357528002040874
0.0,5.096156492511907e-6,0.0001729752386010418,0.0014079873910249764
0.0,4.959392886371173e-6,0.00016805082219230447,0.0013843108138733697
0.0,4.829017239556735e-6,0.00016313409183302103,0.0013590215142260508
0.0,4.700642170336455e-6,0.00015830368903456914,0.001334618308138476
0.0,4.572647483053687e-6,0.00015372801725615218,0.0013100975224225651
0.0,4.451868302676347e-6,0.00014931919731848265,0.0012877802550671888
0.0,4.334055997882777e-6,0.00014502378949310743,0.0012670076547965062
0.0,4.220203662226112e-6,0.00014086719122535224,0.0012430170993301746
0.0,4.111039972277211e-6,0.00013687791457003324,0.0012192775048342434
0.0,4.005662378143464e-6,0.0001330207149240155,0.0011967884882307129
0.0,3.906883355603399e-6,0.00012926976199894216,0.0011742699706117528
0.0,3.796745183554585e-6,0.00012559647193887734,0.0011537111985844394
0.0,3.6975437336089484e-6,0.00012209627573167618,0.0011324408926156398
0.0,3.6024705468734916e-6,0.0001186352954813305,0.0011102782751478816
0.0,3.508359625423853e-6,0.0001152575106080941,0.0010882648911093942
0.0,3.4189462911319926e-6,0.0001120194230933384,0.0010698082179235065
0.0,3.3319685918435446e-6,0.0001089013092022762,0.0010481881204194622
0.0,3.2481916160519534e-6,0.00010595705721936235,0.0010273653128666318
0.0,3.166789584186893e-6,0.0001028944293754737,0.0010068052977423752
0.0,3.0862361599330137e-6,0.00010003736673229373,0.0009869962626349441
0.0,3.009421865168034e-6,9.73338481424117e-5,0.0009676331748450764
0.0,2.9345480179909596e-6,9.457571796994005e-5,0.0009488655722834816
0.0,2.8608028178217157e-6,9.196424975976196e-5,0.0009298842582436302
0.0,2.789915115058652e-6,8.939850827500866e-5,0.0009124809470362138
0.0,2.722133292379031e-6,8.69472471738706e-5,0.0008941118875028447
0.0,2.6557980683477475e-6,8.456352810458319e-5,0.0008770098576765731
0.0,2.5913135958515044e-6,8.224932785039655e-5,0.0008594089580756951
0.0,2.5257273282169512e-6,8.005525328313296e-5,0.0008416755019914407
0.0,2.464821544186498e-6,7.787725515775114e-5,0.0008242558803844827
0.0,2.404798354820354e-6,7.574809064582488e-5,0.0008078931873004709
0.0,2.346733088865261e-6,7.371583218987553e-5,0.0007921742242091794
0.0,2.291383445867808e-6,7.172391129318843e-5,0.0007766432093221868
0.0,2.2402811016198205e-6,6.980774532962924e-5,0.0007594161326523459
0.0,2.180684189436115e-6,6.799071010611599e-5,0.0007434311161110968
0.0,2.1283436317392107e-6,6.613350585962914e-5,0.0007279547873410237
0.0,2.078237043636812e-6,6.442474015072495e-5,0.0007131791454235738
0.0,2.0271273500095206e-6,6.266689798807334e-5,0.0006984319264655368
0.0,1.979200274873435e-6,6.101037326248719e-5,0.000684566102871943
0.0,1.932901581337888e-6,5.940992082422144e-5,0.0006697858599333821
0.0,1.8874042759766113e-6,5.787498859698952e-5,0.0006555111099227753
0.0,1.8434088186666363e-6,5.62978707225323e-5,0.0006413834688578821
0.0,1.8009727319062993e-6,5.4870552679380324e-5,0.000627688141425876
0.0,1.759520897847852e-6,5.344219732317185e-5,0.0006146466524425239
0.0,1.718939305094544e-6,5.204150744818608e-5,0.0006015016724769066
0.0,1.6789473590135702e-6,5.067216585315925e-5,0.0005887842239306162
0.0,1.6406384765954839e-6,4.9361856223360405e-5,0.0005764717404578492
0.0,1.603455784046178e-6,4.8083786703025464e-5,0.000563954111244341
0.0,1.5671930405657563e-6,4.684458245170634e-5,0.0005520656257580573
0.0,1.532247307826358e-6,4.564706483213483e-5,0.0005398055073231687
0.0,1.497755615381894e-6,4.448687184914725e-5,0.0005282077329486205
0.0,1.462369908398735e-6,4.336654757452397e-5,0.0005172565563417045
0.0,1.4297931470591628e-6,4.22644519564603e-5,0.0005053549353917391
0.0,1.3982239936159894e-6,4.1233648782285805e-5,0.0004948448785018847
0.0,1.3669715590490759e-6,4.0155712865080575e-5,0.00048403280267979054
0.0,1.3392511990308014e-6,3.915068527811937e-5,0.0004736306251181944
0.0,1.3052021126370074e-6,3.817887246678649e-5,0.00046306998310188314
0.0,1.2759810813682152e-6,3.722150272105328e-5,0.0004528090257729266
0.0,1.248717962064278e-6,3.629814337869531e-5,0.00044279256548574955
0.0,1.220182314987151e-6,3.541541580935105e-5,0.00043315985894177623
0.0,1.1933343674901489e-6,3.451577293656056e-5,0.0004234611740124596
0.0,1.167554498162823e-6,3.367046140091572e-5,0.0004143577253669501
0.0,1.1418844104895167e-6,3.286161776078315e-5,0.0004048912995473838
0.0,1.1171087153941035e-6,3.2023816791246145e-5,0.00039600081483621427
0.0,1.0931742994437746e-6,3.1252971814844544e-5,0.00038761088679116663
0.0,1.0697618317703075e-6,3.0496616469615025e-5,0.0003787528515742862
0.0,1.047014386666033e-6,2.9724316491895376e-5,0.000370573163530893
0.0,1.0249106443087943e-6,2.9004509935972797e-5,0.00036204172967070587
0.0,1.0030777472502682e-6,2.8306020504539272e-5,0.00035455716895410535
0.0,9.815924262213485e-7,2.763145278074483e-5,0.00034619772349434263
0.0,9.61068539505385e-7,2.6962578281731464e-5,0.0003386917862221714
0.0,9.410069122168638e-7,2.6315548206834574e-5,0.0003316035707249224
0.0,9.215120871877639e-7,2.567848784502132e-5,0.00032369908970876574
0.0,9.028691268263644e-7,2.5069458063316393e-5,0.0003165310149618617
0.0,8.831235966055722e-7,2.4475772528573107e-5,0.0003094863694912911
0.0,8.649234297623303e-7,2.3896966462632762e-5,0.0003028792201281966
0.0,8.492809696982753e-7,2.3341124526643665e-5,0.00029614581062997796
0.0,8.298547364945536e-7,2.2803114366718517e-5,0.000289326106767281
0.0,8.114196089378762e-7,2.2251131117776468e-5,0.0002828256526993705
0.0,7.953080590927592e-7,2.173844648721454e-5,0.00027676755525200423
0.0,7.78858765927088e-7,2.1237015057505674e-5,0.0002704349241654356
0.0,7.625576894478001e-7,2.075013312326495e-5,0.00026432034516058367
0.0,7.47025872266904e-7,2.026122323284887e-5,0.00025837701853648887
0.0,7.320510874842615e-7,1.9798617698401552e-5,0.000252627068859697
0.0,7.173550408805315e-7,1.9343386482719215e-5,0.00024700584433400626
0.0,7.030753287434228e-7,1.8889941800671557e-5,0.000241429836362825
0.0,6.890097025285783e-7,1.8466301770683673e-5,0.0002361143478499073
0.0,6.753859755850415e-7,1.8030077703810717e-5,0.0002309256391547701
0.0,6.620971444028617e-7,1.761490108337132e-5,0.00022556875928218014
0.0,6.491133662765637e-7,1.721864881597823e-5,0.00022056820288893667
0.0,6.364006453869499e-7,1.681946345186363e-5,0.0002157229284429254
0.0,6.241903524344623e-7,1.6437954116323196e-5,0.0002109844454470048
0.0,6.120922289850138e-7,1.607636362753337e-5,0.00020614247073985357
0.0,6.00180069821538e-7,1.5710929566649207e-5,0.00020166530115944085
0.0,5.888257271723039e-7,1.536423755264597e-5,0.00019722061568245672
0.0,5.783750166392275e-7,1.501987764389741e-5,0.00019271065985531613
0.0,5.675164221158777e-7,1.4688015930850581e-5,0.00018847202116721302
0.0,5.568384776938866e-7,1.4357991117227555e-5,0.00018431981020314376
0.0,5.446229947351969e-7,1.404634271179077e-5,0.00018018040577625895
0.0,5.344746693617607e-7,1.3737477253381828e-5,0.00017626546514906574
0.0,5.243302784313881e-7,1.344820723613939e-5,0.0001723066556147957
0.0,5.144457075034577e-7,1.3141828999130271e-5,0.00016850881960955557
0.0,5.045059825327296e-7,1.2857070197896818e-5,0.0001648002785796911
0.0,4.952250600738376e-7,1.258496302110461e-5,0.0001610651773141451
0.0,4.86047458748162e-7,1.2312660702389195e-5,0.00015766278079207838
0.0,4.773441276087345e-7,1.204158406950039e-5,0.0001541353244995114
0.0,4.684567387785613e-7,1.1783327163258084e-5,0.00015063072792258876
0.0,4.6003910359783e-7,1.1533600529993173e-5,0.0001474297274186983
0.0,4.517127698820512e-7,1.1282850162586036e-5,0.00014412799307929626
0.0,4.4373159494765197e-7,1.102743673256399e-5,0.0001409771429649546
0.0,4.3579328607199623e-7,1.0793595313910768e-5,0.00013790769030206065
0.0,4.282971934827243e-7,1.0562906899234678e-5,0.00013489536503045964
0.0,4.207796685106e-7,1.0336677747601763e-5,0.00013192168659753313
0.0,4.135687178662171e-7,1.0118125668685846e-5,0.00012918289709047277
0.0,4.064769173469948e-7,9.906243554160607e-6,0.00012624323740012926
0.0,4.0120673338707255e-7,9.695789903897223e-6,0.00012358346311783276
0.0,3.9340041857577387e-7,9.493967303794801e-6,0.00012084990475450791
0.0,3.8598935677992583e-7,9.29517439527759e-6,0.00011817252874075374
0.0,3.78981560166334e-7,9.106042896333621e-6,0.00011569134641751405
0.0,3.731274255894261e-7,8.913964185263329e-6,0.0001131530817655517
0.0,3.665805654979866e-7,8.732536585520385e-6,0.00011075106371029183
0.0,3.601843331154255e-7,8.550426511620985e-6,0.00010833597931746942
0.0,3.540255051575688e-7,8.375225974680054e-6,0.00010598496488396596
0.0,3.48650261783478e-7,8.210809414631182e-6,0.0001036790678611819
0.0,3.430656370261316e-7,8.03869525068261e-6,0.00010147450939893796
0.0,3.375385535937037e-7,7.873595650975715e-6,9.929292641595867e-5
0.0,3.31818894080037e-7,7.721326578770089e-6,9.717855020366472e-5
0.0,3.266775969802602e-7,7.560521021274238e-6,9.507761639879182e-5
0.0,3.218660591291094e-7,7.4096170430305815e-6,9.314013432970985e-5
0.0,3.165558020013766e-7,7.260039500146131e-6,9.10957513292958e-5
0.0,3.115632347163098e-7,7.105899337928768e-6,8.915637070849129e-5
0.0,3.073706536493449e-7,6.959422056224093e-6,8.726009927539123e-5
0.0,3.0451638626038814e-7,6.819556670123383e-6,8.544961791532343e-5
0.0,2.979180504606556e-7,6.682195662740505e-6,8.363741178276671e-5
0.0,2.9292177839003903e-7,6.547306225166147e-6,8.183980684115704e-5
0.0,2.893529779467944e-7,6.417964921665965e-6,8.020739095650832e-5
0.0,2.8683040376234835e-7,6.290016830571141e-6,7.85207619772421e-5
0.0,2.817472978239552e-7,6.166410518750071e-6,7.68031335572951e-5
0.0,2.7620391335600674e-7,6.0442630676992586e-6,7.522318573239976e-5
0.0,2.7298593283170914e-7,5.92710658716362e-6,7.369296173650123e-5
0.0,2.710964900833399e-7,5.811115576146934e-6,7.212447984529952e-5
0.0,2.6698384264296936e-7,5.698305322113824e-6,7.068324500761984e-5
0.0,2.6102220306349755e-7,5.5887567817445636e-6,6.91666811217095e-5
0.0,2.582132371314157e-7,5.4794736566108445e-6,6.77091242382456e-5
0.0,2.580420540897673e-7,5.376549546369208e-6,6.628770756090106e-5
0.0,2.5521454808093686e-7,5.271482492045115e-6,6.494927792532116e-5
0.0,2.483387127357014e-7,5.17293716095007e-6,6.357514213792085e-5
0.0,2.4634176094980457e-7,5.073245477245218e-6,6.227680677879905e-5
0.0,2.473249195256548e-7,4.9790461858409405e-6,6.101512267474139e-5
0.0,2.467505279170917e-7,4.883553786977468e-6,5.978492258545771e-5
0.0,2.3741208444504238e-7,4.7934582462294e-6,5.855725252870343e-5
0.0,2.3330743262433318e-7,4.702626679929529e-6,5.7397481300166774e-5
0.0,2.395311746469657e-7,4.604633922060555e-6,5.620723212328182e-5
0.0,2.4405560076694085e-7,4.51594539278544e-6,5.504551947537098e-5
0.0,2.309207727303072e-7,4.431139659034714e-6,5.3946469533255736e-5
0.0,2.238182941719005e-7,4.3466686585515945e-6,5.284900118240831e-5
0.0,2.351380575113657e-7,4.263262870788316e-6,5.179727795673664e-5
0.0,2.519417988024986e-7,4.183208698744915e-6,5.0795204426071723e-5
0.0,2.3100571938873286e-7,4.105107509473064e-6,4.972543414229935e-5
0.0,2.204876748503514e-7,4.028684453083877e-6,4.873099054699572e-5
0.0,2.4395975833272586e-7,3.954141151835075e-6,4.779072910623448e-5
0.0,2.936097757388752e-7,3.881195259690976e-6,4.681963471302827e-5
0.0,2.4751553825721563e-7,3.8094771346475656e-6,4.588721155966859e-5
0.0,2.709032226959696e-7,3.7399162017461346e-6,4.500839089828524e-5
0.0,3.442071191388075e-7,3.6719784021967564e-6,4.406409312813912e-5
0.0,1.6032937440454524e-6,3.605729089976659e-6,4.319116160569177e-5
0.0,0.0,3.5402029712507293e-6,4.2365511362011734e-5
0.0,0.0,3.475271171919498e-6,4.1497390352710875e-5
0.0,0.0,3.4143109278865043e-6,4.067474930384482e-5
0.0,0.0,3.3536923178406143e-6,3.988477997893727e-5
0.0,0.0,3.293493424585877e-6,3.9111733601797574e-5
0.0,0.0,3.234809988101968e-6,3.835135344711659e-5
0.0,0.0,3.1792575665947275e-6,3.760188153779555e-5
0.0,0.0,3.1248394372735314e-6,3.688710373599183e-5
0.0,0.0,3.0593655267269753e-6,3.619504305724253e-5
0.0,0.0,3.0041313632199267e-6,3.547420689117191e-5
0.0,0.0,2.9512091949748484e-6,3.4786623860660325e-5
0.0,0.0,2.899077468823119e-6,3.4129818280420803e-5
0.0,0.0,2.84466968945954e-6,3.3476685819132376e-5
0.0,0.0,2.7946041638014468e-6,3.2871187608155754e-5
0.0,0.0,2.7453384711738316e-6,3.2203049460340097e-5
0.0,0.0,2.69672812274433e-6,3.1581120689998876e-5
0.0,0.0,2.6486933963524825e-6,3.102651931471155e-5
0.0,0.0,2.603162619311063e-6,3.0423751341766662e-5
0.0,0.0,2.5579887688827204e-6,2.9844455680999452e-5
0.0,0.0,2.513584314038091e-6,2.9263871485170403e-5
0.0,0.0,2.4691499579763195e-6,2.8706456242639164e-5
0.0,0.0,2.4271551461796124e-6,2.8161142118507687e-5
0.0,0.0,2.3870060799934666e-6,2.7636546687936783e-5
0.0,0.0,2.3459306329061546e-6,2.7119330647239225e-5
0.0,0.0,2.3042108463664595e-6,2.661747213269604e-5
0.0,0.0,2.266197713863745e-6,2.60982328877219e-5
0.0,0.0,2.2274154089895416e-6,2.5616773099381618e-5
0.0,0.0,2.1915729967174325e-6,2.514570746788211e-5
0.0,0.0,2.1548988700566905e-6,2.4686784116373655e-5
0.0,0.0,2.1206852494532592e-6,2.4221965213522915e-5
0.0,0.0,2.0808368576953995e-6,2.377869180509318e-5
0.0,0.0,2.0429550375174956e-6,2.3374740330237883e-5
0.0,0.0,2.0086098320848793e-6,2.2921305132265855e-5
0.0,0.0,1.9754777212878154e-6,2.249901890575216e-5
0.0,0.0,1.941150176130296e-6,2.208386323649668e-5
0.0,0.0,1.9072620430378651e-6,2.1719868697411517e-5
0.0,0.0,1.8752684902365603e-6,2.131291895447338e-5
0.0,0.0,1.8441884411504843e-6,2.0920595929599876e-5
0.0,0.0,1.8133308700164117e-6,2.0544584334896257e-5
0.0,0.0,1.782844272198389e-6,2.018967077261601e-5
0.0,0.0,1.7532651920033741e-6,1.9802903831686e-5
0.0,0.0,1.724813904998525e-6,1.9441880692555818e-5
0.0,0.0,1.6963888885551078e-6,1.9092339095844624e-5
0.0,0.0,1.66848015444831e-6,1.8751715485156274e-5
0.0,0.0,1.6411498927559544e-6,1.8408001888184935e-5
0.0,0.0,1.6148873037458205e-6,1.8081610198647804e-5
0.0,0.0,1.5889003251422202e-6,1.775758285771959e-5
0.0,0.0,1.5633100711045962e-6,1.745193230326932e-5
0.0,0.0,1.538221377375831e-6,1.7144955713374302e-5
0.0,0.0,1.5142763721872274e-6,1.68274942130806e-5
0.0,0.0,1.4911632768265049e-6,1.653345694277642e-5
0.0,0.0,1.4684764489141956e-6,1.62450108075539e-5
0.0,0.0,1.4420080116139024e-6,1.5963103949678522e-5
0.0,0.0,1.4198429626918423e-6,1.568729177361002e-5
0.0,0.0,1.3962683101189775e-6,1.5416110023039825e-5
0.0,0.0,1.373385531528727e-6,1.5152459733575917e-5
0.0,0.0,1.3507265118364111e-6,1.4883538409166448e-5
0.0,0.0,1.3292021182353574e-6,1.4635744825777638e-5
0.0,0.0,1.3079761564597709e-6,1.436862554698506e-5
0.0,0.0,1.2868340596900639e-6,1.4140405657392438e-5
0.0,0.0,1.2661995430420647e-6,1.3896995542160682e-5
0.0,0.0,1.2461538828566934e-6,1.3651488676643446e-5
0.0,0.0,1.2265914015523537e-6,1.3411659538148331e-5
0.0,0.0,1.2072759715288368e-6,1.3189931168258616e-5
0.0,0.0,1.1882728764308566e-6,1.29601637760673e-5
0.0,0.0,1.1698217144477128e-6,1.2734145403594559e-5
0.0,0.0,1.1516273963181254e-6,1.2512877226868185e-5
0.0,0.0,1.1338727840330923e-6,1.2304466054482115e-5
0.0,0.0,1.1165727818337287e-6,1.2096914006878981e-5
0.0,0.0,1.099099750767319e-6,1.1888457080519783e-5
0.0,0.0,1.0830152439777163e-6,1.168688148086323e-5
0.0,0.0,1.0663127898172578e-6,1.1497829108706912e-5
0.0,0.0,1.0515639457595723e-6,1.129998898260779e-5
0.0,0.0,1.0354757108954433e-6,1.1115124281539281e-5
0.0,0.0,1.0178298658113394e-6,1.0922618003284992e-5
0.0,0.0,1.0029165654430567e-6,1.074041576463966e-5
0.0,0.0,9.882605597811851e-7,1.0575685054830408e-5
0.0,0.0,9.727766505423387e-7,1.0388278755538213e-5
0.0,0.0,9.578045309156169e-7,1.0221331698417028e-5
0.0,0.0,9.428846495169295e-7,1.0061690091098863e-5
0.0,0.0,9.28572842392233e-7,9.889218441879192e-6
0.0,0.0,9.144569352384808e-7,9.731756343167713e-6
0.0,0.0,9.00542302090667e-7,9.575353891084672e-6
0.0,0.0,8.869753439747472e-7,9.406950914320318e-6
0.0,0.0,8.735780663816641e-7,9.25717283698961e-6
0.0,0.0,8.604125295743637e-7,9.108623762502502e-6
0.0,0.0,8.475698757281392e-7,8.960817777871766e-6
0.0,0.0,8.349704699461869e-7,8.81196775135932e-6
0.0,0.0,8.226040200122772e-7,8.66940059490309e-6
0.0,0.0,8.104730707419106e-7,8.529131531448516e-6
0.0,0.0,7.985551868890571e-7,8.389637986195292e-6
0.0,0.0,7.869060029452677e-7,8.254056167413611e-6
0.0,0.0,7.756155518682922e-7,8.121742540626595e-6
0.0,0.0,7.644291812442656e-7,7.992098474006195e-6
0.0,0.0,7.54857245963132e-7,7.869276119545333e-6
0.0,0.0,7.424935390418723e-7,7.737356477123147e-6
0.0,0.0,7.311439047180416e-7,7.614269726584163e-6
0.0,0.0,7.206146922463436e-7,7.496603216106029e-6
0.0,0.0,7.107717454142328e-7,7.382548728219343e-6
0.0,0.0,7.009211383332881e-7,7.264519526288304e-6
0.0,0.0,6.899487952029068e-7,7.145723800004515e-6
0.0,0.0,6.799081089216083e-7,7.039297032022982e-6
0.0,0.0,6.703461529212918e-7,6.929350470904507e-6
0.0,0.0,6.608507577507347e-7,6.8248542990933236e-6
0.0,0.0,6.513761953323914e-7,6.710735472662912e-6
0.0,0.0,6.418404880790145e-7,6.607350212524023e-6
0.0,0.0,6.32730845268488e-7,6.503157508574493e-6
0.0,0.0,6.23691277706397e-7,6.404045778912e-6
0.0,0.0,6.14834133998792e-7,6.305457974359147e-6
0.0,0.0,6.061326674991322e-7,6.203774108237788e-6
0.0,0.0,5.975500746766484e-7,6.108322782587949e-6
0.0,0.0,5.892872196339436e-7,6.01758206432153e-6
0.0,0.0,5.810885013825907e-7,5.923587508698916e-6
0.0,0.0,5.728722287060837e-7,5.83149358409121e-6
0.0,0.0,5.650131743382673e-7,5.7424768852092624e-6
0.0,0.0,5.579894638948073e-7,5.654284577850673e-6
0.0,0.0,5.501507910883725e-7,5.5688337928800525e-6
0.0,0.0,5.41344857085502e-7,5.4869106873788595e-6
0.0,0.0,5.3402916954907e-7,5.3997177246655626e-6
0.0,0.0,5.266031738960302e-7,5.318440658553728e-6
0.0,0.0,5.198269481543998e-7,5.239735243554212e-6
0.0,0.0,5.13041509049002e-7,5.164182557595277e-6
0.0,0.0,5.056271717732644e-7,5.08323924856807e-6
0.0,0.0,4.982939803835739e-7,5.009817595317986e-6
0.0,0.0,4.91305332040144e-7,4.933475342954819e-6
0.0,0.0,4.84939049502216e-7,4.8670736792447835e-6
0.0,0.0,4.786026883809493e-7,4.78711786869221e-6
0.0,0.0,4.7197576326470897e-7,4.7132683731127636e-6
0.0,0.0,4.65392714211811e-7,4.64540172055361e-6
0.0,0.0,4.590598290614552e-7,4.577141244558036e-6
0.0,0.0,4.530279101455988e-7,4.511334571807298e-6
0.0,0.0,4.471217870289378e-7,4.44248808948439e-6
0.0,0.0,4.410732427275911e-7,4.375427218564416e-6
0.0,0.0,4.353398404370383e-7,4.311285252178823e-6
0.0,0.0,4.2940518221841816e-7,4.249687044716351e-6
0.0,0.0,4.239396843221109e-7,4.188125916533043e-6
0.0,0.0,4.194453078378778e-7,4.125208195899049e-6
0.0,0.0,4.127637419117351e-7,4.06497654712259e-6
0.0,0.0,4.0704249570940123e-7,4.0054982591258485e-6
0.0,0.0,4.0166953507693296e-7,3.949072400808205e-6
0.0,0.0,3.964670627167418e-7,3.89357385620486e-6
0.0,0.0,3.9167159802357736e-7,3.833869827214075e-6
0.0,0.0,3.864019861118057e-7,3.779521783710603e-6
0.0,0.0,3.814311780774995e-7,3.7284036131826652e-6
0.0,0.0,3.766090654139187e-7,3.6719654827215053e-6
0.0,0.0,3.7153069175449466e-7,3.623923181801436e-6
0.0,0.0,3.6668249651244143e-7,3.570082718710714e-6
0.0,0.0,3.620527848967819e-7,3.52045372230956e-6
0.0,0.0,3.5746214554351296e-7,3.467373685184316e-6
0.0,0.0,3.5303805861679514e-7,3.417272730269711e-6
0.0,0.0,3.486745216770834e-7,3.369818467714022e-6
0.0,0.0,3.441171502502081e-7,3.322084443713728e-6
0.0,0.0,3.3971123108337523e-7,3.27504350518811e-6
0.0,0.0,3.3564035572026443e-7,3.229294832747454e-6
0.0,0.0,3.3140466787757707e-7,3.1828623235152364e-6
0.0,0.0,3.2790094364365853e-7,3.1373110812615747e-6
0.0,0.0,3.242620841981717e-7,3.0935109340247835e-6
0.0,0.0,3.189979072781102e-7,3.0513627645612615e-6
0.0,0.0,3.151454295155997e-7,3.009151989543813e-6
0.0,0.0,3.1133243253437144e-7,2.9663639454061477e-6
0.0,0.0,3.0754637723059854e-7,2.924251908042898e-6
0.0,0.0,3.040282088211651e-7,2.883802739456629e-6
0.0,0.0,3.002146345881781e-7,2.8455082359334604e-6
0.0,0.0,2.964008515422221e-7,2.8060622672072797e-6
0.0,0.0,2.928229106136825e-7,2.76741335055742e-6
0.0,0.0,2.894983255692842e-7,2.7295230520394057e-6
0.0,0.0,2.8610949922874304e-7,2.6910655259139546e-6
0.0,0.0,2.824830817007387e-7,2.6555085031096207e-6
0.0,0.0,2.7913560402614826e-7,2.6210950350600564e-6
0.0,0.0,2.7580811968171105e-7,2.5852080898023395e-6
0.0,0.0,2.725049626214282e-7,2.5460339433262795e-6
0.0,0.0,2.6947952336339293e-7,2.510931670339504e-6
0.0,0.0,2.662896150260373e-7,2.478003084624586e-6
0.0,0.0,2.63367917181561e-7,2.4447220900761474e-6
0.0,0.0,2.612813600656654e-7,2.4124058557321026e-6
0.0,0.0,2.572711627522023e-7,2.379139900554081e-6
0.0,0.0,2.53952268515179e-7,2.3467516424969714e-6
0.0,0.0,2.5105647263763125e-7,2.31452994241337e-6
0.0,0.0,2.4819939330359374e-7,2.2834035768303217e-6
0.0,0.0,2.456049019475035e-7,2.253058339533358e-6
0.0,0.0,2.431991754313734e-7,2.222958496154353e-6
0.0,0.0,2.401775100686961e-7,2.193976087006199e-6
0.0,0.0,2.3726870433800454e-7,2.1641504989635366e-6
0.0,0.0,2.3455306654202678e-7,2.135152817761199e-6
0.0,0.0,2.3196750004169463e-7,2.10683508641144e-6
0.0,0.0,2.2970473135980187e-7,2.079873876505777e-6
0.0,0.0,2.2769306358284341e-7,2.0516305685170364e-6
0.0,0.0,2.2519313188946074e-7,2.0254046294362413e-6
0.0,0.0,2.2234628007225663e-7,1.999181482421835e-6
0.0,0.0,2.1988138878379933e-7,1.9728258999220737e-6
0.0,0.0,2.1751286813784193e-7,1.9487967275202345e-6
0.0,0.0,2.1603322869570002e-7,1.921906657987525e-6
0.0,0.0,2.1335882005417078e-7,1.8950282213483606e-6
0.0,0.0,2.1107133452294252e-7,1.8705982750037044e-6
0.0,0.0,2.0857850834093165e-7,1.8461910682779977e-6
0.0,0.0,2.0605749639122337e-7,1.82274312953794e-6
0.0,0.0,2.0377754953652805e-7,1.7989115819094085e-6
0.0,0.0,2.0212696690653132e-7,1.7752815144358739e-6
0.0,0.0,2.0038282995515185e-7,1.7528864127256214e-6
0.0,0.0,1.9856618010717224e-7,1.7304368091429876e-6
0.0,0.0,1.963335155927087e-7,1.7075004760765697e-6
0.0,0.0,1.9380684487507702e-7,1.6850174856797013e-6
0.0,0.0,1.9146239509768558e-7,1.6632814137320978e-6
0.0,0.0,1.8983271373567773e-7,1.6423777521189077e-6
0.0,0.0,1.8878999653925492e-7,1.62211979448995e-6
0.0,0.0,1.8765728672445174e-7,1.6010284731943552e-6
0.0,0.0,1.8619599299185258e-7,1.5805446193405946e-6
0.0,0.0,1.8391110957094405e-7,1.5605179312190112e-6
0.0,0.0,1.8032286892071427e-7,1.5407139969187712e-6
0.0,0.0,1.78594824403623e-7,1.5208763436841311e-6
0.0,0.0,1.779488435293025e-7,1.5032773273596878e-6
0.0,0.0,1.775768384550195e-7,1.4834875541204928e-6
0.0,0.0,1.764136800482721e-7,1.4669389587506217e-6
0.0,0.0,1.7389700604708384e-7,1.4471458799900205e-6
0.0,0.0,1.7067394471956756e-7,1.4270700459784037e-6
0.0,0.0,1.6848898495895688e-7,1.4091430557810173e-6
0.0,0.0,1.6823056357290608e-7,1.3918613029453087e-6
0.0,0.0,1.687775504670999e-7,1.3747468030983763e-6
0.0,0.0,1.6868300102669015e-7,1.3577761784692718e-6
0.0,0.0,1.6652764747390518e-7,1.3405222272100855e-6
0.0,0.0,1.625644092036151e-7,1.3238115973044634e-6
0.0,0.0,1.60088257621822e-7,1.307620391206616e-6
0.0,0.0,1.5998323697404519e-7,1.291553503691741e-6
0.0,0.0,1.612229206461872e-7,1.2749890261942766e-6
0.0,0.0,1.6286376841363385e-7,1.2591552831311944e-6
0.0,0.0,1.6153401393827157e-7,1.2437235422294366e-6
0.0,0.0,1.5657257696521432e-7,1.2284990144477353e-6
0.0,0.0,1.5151079690004592e-7,1.2139583394991348e-6
0.0,0.0,1.5173448717910215e-7,1.1986864722008666e-6
0.0,0.0,1.5548091343704964e-7,1.183783229263217e-6
0.0,0.0,1.5848812614559233e-7,1.1700526790092161e-6
0.0,0.0,1.598424752704121e-7,1.1556456315694664e-6
0.0,0.0,1.5472541662820252e-7,1.1417928564770487e-6
0.0,0.0,1.4451475444559836e-7,1.1279201674237806e-6
0.0,0.0,1.4420125855639452e-7,1.115833315144535e-6
0.0,0.0,1.5220736193820159e-7,1.1010415848809312e-6
0.0,0.0,1.590279051326552e-7,1.0868419217713434e-6
0.0,0.0,1.6460451523475973e-7,1.0737223987997456e-6
0.0,0.0,1.5742616538413644e-7,1.0608685241682788e-6
0.0,0.0,1.4504582953064714e-7,1.0481961177853384e-6
0.0,0.0,1.3670782347355053e-7,1.0359619642322084e-6
0.0,0.0,1.4994403422703522e-7,1.0232469736336542e-6
0.0,0.0,1.9565812884189612e-7,1.0109477862062956e-6
0.0,0.0,1.5337807633262136e-7,9.988683462708397e-7
0.0,0.0,1.9849311761439797e-7,9.871973277821875e-7
0.0,0.0,1.786563098749688e-7,9.758110638944162e-7
0.0,0.0,4.794277465711851e-8,9.638509025422055e-7
0.0,0.0,4.522631123052123e-7,9.518361078471731e-7
0.0,0.0,3.769969248898778e-8,9.406333610867705e-7
0.0,0.0,1.5607176971885695e-6,9.297374244355902e-7
0.0,0.0,0.0,9.18994662549213e-7
0.0,0.0,0.0,9.080912803199357e-7
0.0,0.0,0.0,8.977087917240518e-7
0.0,0.0,0.0,8.870771550185327e-7
0.0,0.0,0.0,8.767991290656252e-7
0.0,0.0,0.0,8.669764910421725e-7
0.0,0.0,0.0,8.581265076806899e-7
0.0,0.0,0.0,8.465969400132563e-7
0.0,0.0,0.0,8.36065788142854e-7
0.0,0.0,0.0,8.2640145462355e-7
0.0,0.0,0.0,8.16868781032862e-7
0.0,0.0,0.0,8.077255054411057e-7
0.0,0.0,0.0,7.988322484393524e-7
0.0,0.0,0.0,7.890124667542215e-7
0.0,0.0,0.0,7.799418953347476e-7
0.0,0.0,0.0,7.710716519597072e-7
0.0,0.0,0.0,7.62256514096631e-7
0.0,0.0,0.0,7.536466275613847e-7
0.0,0.0,0.0,7.453480212517961e-7
0.0,0.0,0.0,7.362328757396577e-7
0.0,0.0,0.0,7.276655448979591e-7
0.0,0.0,0.0,7.195227423558277e-7
0.0,0.0,0.0,7.114458751975288e-7
0.0,0.0,0.0,7.033022256770349e-7
0.0,0.0,0.0,6.957239339636401e-7
0.0,0.0,0.0,6.878024514382032e-7
0.0,0.0,0.0,6.798609325455545e-7
0.0,0.0,0.0,6.726989397309508e-7
0.0,0.0,0.0,6.664137356331678e-7
0.0,0.0,0.0,6.573319361147778e-7
0.0,0.0,0.0,6.496983821754186e-7
0.0,0.0,0.0,6.423383784194861e-7
0.0,0.0,0.0,6.350790946916518e-7
0.0,0.0,0.0,6.281570510305505e-7
0.0,0.0,0.0,6.216521435632166e-7
0.0,0.0,0.0,6.144133644013006e-7
0.0,0.0,0.0,6.074460329545952e-7
0.0,0.0,0.0,6.007453848466588e-7
0.0,0.0,0.0,5.941332286033531e-7
0.0,0.0,0.0,5.876913669458735e-7
0.0,0.0,0.0,5.816056460307051e-7
0.0,0.0,0.0,5.752412474408218e-7
0.0,0.0,0.0,5.685058124574237e-7
0.0,0.0,0.0,5.621515769794755e-7
0.0,0.0,0.0,5.56034660053436e-7
0.0,0.0,0.0,5.500637326236535e-7
0.0,0.0,0.0,5.443434925049528e-7
0.0,0.0,0.0,5.384765378318964e-7
0.0,0.0,0.0,5.326145888055345e-7
0.0,0.0,0.0,5.27539671943636e-7
0.0,0.0,0.0,5.218154375187914e-7
0.0,0.0,0.0,5.150896977985135e-7
0.0,0.0,0.0,5.097062626842751e-7
0.0,0.0,0.0,5.043390683215824e-7
0.0,0.0,0.0,4.987643463878306e-7
0.0,0.0,0.0,4.934739155166454e-7
0.0,0.0,0.0,4.883425391092546e-7
0.0,0.0,0.0,4.829395088772881e-7
0.0,0.0,0.0,4.7764384473584e-7
0.0,0.0,0.0,4.7264745561004315e-7
0.0,0.0,0.0,4.677160208805606e-7
0.0,0.0,0.0,4.62704517966699e-7
0.0,0.0,0.0,4.578559131664492e-7
0.0,0.0,0.0,4.533532971678421e-7
0.0,0.0,0.0,4.486394938416846e-7
0.0,0.0,0.0,4.4343694575772803e-7
0.0,0.0,0.0,4.388121867134186e-7
0.0,0.0,0.0,4.3424850985214866e-7
0.0,0.0,0.0,4.297277389090089e-7
0.0,0.0,0.0,4.252725142847064e-7
0.0,0.0,0.0,4.2143804072636546e-7
0.0,0.0,0.0,4.176038806271072e-7
0.0,0.0,0.0,4.118738583207108e-7
0.0,0.0,0.0,4.0763776640308446e-7
0.0,0.0,0.0,4.03434692736339e-7
0.0,0.0,0.0,3.992500218466809e-7
0.0,0.0,0.0,3.952879776543806e-7
0.0,0.0,0.0,3.9151888490224756e-7
0.0,0.0,0.0,3.873532662042047e-7
0.0,0.0,0.0,3.8297388003897457e-7
0.0,0.0,0.0,3.791247175549001e-7
0.0,0.0,0.0,3.752577794192664e-7
0.0,0.0,0.0,3.7143121839823716e-7
0.0,0.0,0.0,3.677766846115337e-7
0.0,0.0,0.0,3.641739106975027e-7
0.0,0.0,0.0,3.605200728480281e-7
0.0,0.0,0.0,3.569083915227988e-7
0.0,0.0,0.0,3.5335170230391257e-7
0.0,0.0,0.0,3.495399945585561e-7
0.0,0.0,0.0,3.460518317312699e-7
0.0,0.0,0.0,3.4265565760470364e-7
0.0,0.0,0.0,3.398678601804126e-7
0.0,0.0,0.0,3.363221672908458e-7
0.0,0.0,0.0,3.323535900861699e-7
0.0,0.0,0.0,3.2902953945295065e-7
0.0,0.0,0.0,3.2562224943222655e-7
0.0,0.0,0.0,3.2241752805572686e-7
0.0,0.0,0.0,3.192703951191502e-7
0.0,0.0,0.0,3.163427562665368e-7
0.0,0.0,0.0,3.131071122822113e-7
0.0,0.0,0.0,3.0994490728123367e-7
0.0,0.0,0.0,3.0700846809003626e-7
0.0,0.0,0.0,3.038639126837824e-7
0.0,0.0,0.0,3.008336967974978e-7
0.0,0.0,0.0,2.9796576011260836e-7
0.0,0.0,0.0,2.951870953488405e-7
0.0,0.0,0.0,2.921696338011383e-7
0.0,0.0,0.0,2.895523900929687e-7
0.0,0.0,0.0,2.870365621689892e-7
0.0,0.0,0.0,2.841827049894965e-7
0.0,0.0,0.0,2.81026330353599e-7
0.0,0.0,0.0,2.788956223453848e-7
0.0,0.0,0.0,2.7625509688209123e-7
0.0,0.0,0.0,2.728537131259322e-7
0.0,0.0,0.0,2.703099387045652e-7
0.0,0.0,0.0,2.6792909935427503e-7
0.0,0.0,0.0,2.654016216886378e-7
0.0,0.0,0.0,2.6267076907052475e-7
0.0,0.0,0.0,2.602861722539825e-7
0.0,0.0,0.0,2.579223497236031e-7
0.0,0.0,0.0,2.553212554207594e-7
0.0,0.0,0.0,2.5284524954269175e-7
0.0,0.0,0.0,2.505117266131023e-7
0.0,0.0,0.0,2.483383512151768e-7
0.0,0.0,0.0,2.4605045298033863e-7
0.0,0.0,0.0,2.437251044262079e-7
0.0,0.0,0.0,2.4150981199257687e-7
0.0,0.0,0.0,2.393170806819314e-7
0.0,0.0,0.0,2.3703060127922627e-7
0.0,0.0,0.0,2.3483327282943126e-7
0.0,0.0,0.0,2.3324904089455498e-7
0.0,0.0,0.0,2.3141919725924602e-7
0.0,0.0,0.0,2.2828608690293236e-7
0.0,0.0,0.0,2.2625763071121288e-7
0.0,0.0,0.0,2.2427344456561317e-7
0.0,0.0,0.0,2.22209756024661e-7
0.0,0.0,0.0,2.2006308872277692e-7
0.0,0.0,0.0,2.1821216632278378e-7
0.0,0.0,0.0,2.1643995643504488e-7
0.0,0.0,0.0,2.1434005548112134e-7
0.0,0.0,0.0,2.1234530495411692e-7
0.0,0.0,0.0,2.1059318471867563e-7
0.0,0.0,0.0,2.087320735377567e-7
0.0,0.0,0.0,2.0674607051363824e-7
0.0,0.0,0.0,2.048860793953103e-7
0.0,0.0,0.0,2.0320600035610147e-7
0.0,0.0,0.0,2.013717339469586e-7
0.0,0.0,0.0,1.9965971790545168e-7
0.0,0.0,0.0,1.983164324360208e-7
0.0,0.0,0.0,1.9717990450264946e-7
0.0,0.0,0.0,1.9462039875974122e-7
0.0,0.0,0.0,1.929446673700353e-7
0.0,0.0,0.0,1.9123357552663704e-7
0.0,0.0,0.0,1.8935415398707731e-7
0.0,0.0,0.0,1.8766406467917497e-7
0.0,0.0,0.0,1.8620628826791867e-7
0.0,0.0,0.0,1.8488945589695484e-7
0.0,0.0,0.0,1.8348233511376994e-7
0.0,0.0,0.0,1.8177166807569304e-7
0.0,0.0,0.0,1.8022482299288872e-7
0.0,0.0,0.0,1.7852871877511194e-7
0.0,0.0,0.0,1.7685166099289632e-7
0.0,0.0,0.0,1.7539547023317592e-7
0.0,0.0,0.0,1.740737272693873e-7
0.0,0.0,0.0,1.7286541515581515e-7
0.0,0.0,0.0,1.7183847357419585e-7
0.0,0.0,0.0,1.7100276452706197e-7
0.0,0.0,0.0,1.6894970802003473e-7
0.0,0.0,0.0,1.6723142569093873e-7
0.0,0.0,0.0,1.657260753035257e-7
0.0,0.0,0.0,1.6431039471435068e-7
0.0,0.0,0.0,1.6308706107517726e-7
0.0,0.0,0.0,1.6213802652076243e-7
0.0,0.0,0.0,1.6104273654400505e-7
0.0,0.0,0.0,1.600184932731152e-7
0.0,0.0,0.0,1.5857332817564898e-7
0.0,0.0,0.0,1.569616716446727e-7
0.0,0.0,0.0,1.5537315658965426e-7
0.0,0.0,0.0,1.5400579472503493e-7
0.0,0.0,0.0,1.5290279278937215e-7
0.0,0.0,0.0,1.5203327961190603e-7
0.0,0.0,0.0,1.513426778231484e-7
0.0,0.0,0.0,1.5104425660093138e-7
0.0,0.0,0.0,1.4961994641593532e-7
0.0,0.0,0.0,1.478502329703502e-7
0.0,0.0,0.0,1.461533615827981e-7
0.0,0.0,0.0,1.446693513275269e-7
0.0,0.0,0.0,1.4358468579803412e-7
0.0,0.0,0.0,1.4281765094654445e-7
0.0,0.0,0.0,1.423501246286265e-7
0.0,0.0,0.0,1.421576335930778e-7
0.0,0.0,0.0,1.416081942108857e-7
0.0,0.0,0.0,1.4011087731147136e-7
0.0,0.0,0.0,1.3811038676843536e-7
0.0,0.0,0.0,1.36445931143125e-7
0.0,0.0,0.0,1.3519630084902257e-7
0.0,0.0,0.0,1.3443033387456857e-7
0.0,0.0,0.0,1.3446178945036962e-7
0.0,0.0,0.0,1.3474865676100252e-7
0.0,0.0,0.0,1.3419137950690174e-7
0.0,0.0,0.0,1.3330855239832008e-7
0.0,0.0,0.0,1.3129591086044003e-7
0.0,0.0,0.0,1.2903130271211817e-7
0.0,0.0,0.0,1.2750372144245118e-7
0.0,0.0,0.0,1.2684471679698103e-7
0.0,0.0,0.0,1.2666581261005566e-7
0.0,0.0,0.0,1.2718805691898586e-7
0.0,0.0,0.0,1.281326990086458e-7
0.0,0.0,0.0,1.2800146780640627e-7
0.0,0.0,0.0,1.2621856662052865e-7
0.0,0.0,0.0,1.2350269084880764e-7
0.0,0.0,0.0,1.212441114934896e-7
0.0,0.0,0.0,1.2033169809663114e-7
0.0,0.0,0.0,1.1991815571842927e-7
0.0,0.0,0.0,1.207813780233607e-7
0.0,0.0,0.0,1.226771747894486e-7
0.0,0.0,0.0,1.2358156811968797e-7
0.0,0.0,0.0,1.225979720629743e-7
0.0,0.0,0.0,1.2020444234763955e-7
0.0,0.0,0.0,1.1546513253344446e-7
0.0,0.0,0.0,1.1259502941863232e-7
0.0,0.0,0.0,1.1407790160379171e-7
0.0,0.0,0.0,1.169801124563916e-7
0.0,0.0,0.0,1.1702507430741144e-7
0.0,0.0,0.0,1.1911505390602576e-7
0.0,0.0,0.0,1.2555631704062839e-7
0.0,0.0,0.0,1.1951902410154854e-7
0.0,0.0,0.0,1.0998631472233534e-7
0.0,0.0,0.0,1.0868937900689841e-7
0.0,0.0,0.0,1.1097584153569518e-7
0.0,0.0,0.0,1.1015810124581878e-7
0.0,0.0,0.0,1.1046756461623238e-7
0.0,0.0,0.0,1.3157721350898246e-7
0.0,0.0,0.0,1.228593584566883e-7
0.0,0.0,0.0,1.1456718494350344e-7
0.0,0.0,0.0,1.2441905439990102e-7
0.0,0.0,0.0,1.079911429009168e-7
0.0,0.0,0.0,9.640803899569917e-8
0.0,0.0,0.0,9.261523391623896e-8
0.0,0.0,0.0,1.6712268723874808e-7
0.0,0.0,0.0,1.2314908214074005e-7
0.0,0.0,0.0,9.067270857753399e-8
0.0,0.0,0.0,2.0165341501159144e-7
0.0,0.0,0.0,1.245669255335868e-7
0.0,0.0,0.0,9.175847077784917e-8
0.0,0.0,0.0,4.619270554512197e-8
0.0,0.0,0.0,3.1449453106854675e-7
0.0,0.0,0.0,1.6814040600373093e-7
0.0,0.0,0.0,2.2167558016782196e-8
0.0,0.0,0.0,1.5685542558113941e-6
