1.30260935e8,9.2260602e7,2.23746886e8
55648.0,1.3432e6,127936.0
68064.0,2.454304e6,194864.0
81072.0,3.134448e6,261360.0
93792.0,3.816336e6,328032.0
105632.0,4.500064e6,394160.0
118544.0,5.183248e6,461104.0
131712.0,5.865936e6,527424.0
144320.0,6.547824e6,594336.0
156736.0,7.229248e6,659984.0
168736.0,7.910784e6,726624.0
181328.0,8.593264e6,793136.0
193168.0,9.27688e6,859744.0
205120.0,9.95688e6,926112.0
217344.0,1.0641264e7,993088.0
229664.0,1.1321664e7,1.059728e6
242592.0,1.2007392e7,1.12616e6
255216.0,1.2688224e7,1.192528e6
267904.0,1.3369856e7,1.259728e6
279440.0,1.4053888e7,1.325904e6
291360.0,1.4736032e7,1.391792e6
302544.0,1.541736e7,1.458416e6
314976.0,1.609984e7,1.524784e6
326512.0,1.6781808e7,1.591472e6
339824.0,1.7463824e7,1.658352e6
353024.0,1.8147152e7,1.724336e6
365712.0,1.883048e7,1.790704e6
378336.0,1.9514352e7,1.857392e6
389984.0,2.0198208e7,1.92376e6
402896.0,2.0879856e7,1.990448e6
415328.0,2.1562208e7,2.056816e6
427872.0,2.224464e7,2.123184e6
439968.0,2.2926976e7,2.189872e6
451424.0,2.3609904e7,2.25656e6
464944.0,2.42916e7,2.323632e6
476800.0,2.4975408e7,2.390128e6
488448.0,2.565728e7,2.456176e6
500736.0,2.6339712e7,2.522864e6
512336.0,2.7020944e7,2.589744e6
525056.0,2.770312e7,2.656432e6
536944.0,2.8385664e7,2.7228e6
549232.0,2.9065888e7,2.789808e6
560704.0,2.9750752e7,2.856304e6
572640.0,3.0431072e7,2.92248e6
585120.0,3.1113888e7,2.989168e6
598496.0,3.1797344e7,3.055536e6
610352.0,3.2481184e7,3.122224e6
623408.0,3.3165024e7,3.188592e6
636208.0,3.38464e7,3.25528e6
648832.0,3.4528496e7,3.321456e6
661840.0,3.5212992e7,3.388336e6
674448.0,3.5895184e7,3.454704e6
686992.0,3.6578704e7,3.521072e6
699536.0,3.7263408e7,3.587568e6
711328.0,3.7946336e7,3.654128e6
723744.0,3.8631312e7,3.720112e6
735520.0,3.9313808e7,3.786992e6
747296.0,3.9996304e7,3.853872e6
759728.0,4.0677744e7,3.92024e6
771504.0,4.1362704e7,3.986224e6
784064.0,4.2043824e7,4.052784e6
796608.0,4.2726576e7,4.11896e6
807712.0,4.3410864e7,4.185648e6
819488.0,4.4090544e7,4.251952e6
831392.0,4.4771696e7,4.318832e6
843168.0,4.545808e7,4.385008e6
855584.0,4.614064e7,4.451696e6
868192.0,4.6824256e7,4.518064e6
881824.0,4.750624e7,4.584432e6
894368.0,4.8190784e7,4.650928e6
906304.0,4.8869456e7,4.717488e6
918848.0,4.9550256e7,4.784176e6
931456.0,5.022952e7,4.851376e6
944320.0,5.0910768e7,4.917744e6
957824.0,5.159208e7,4.984944e6
969600.0,5.227704e7,5.0508e6
982144.0,5.2960624e7,5.118192e6
993600.0,5.3640368e7,5.18488e6
1.005536e6,5.4324368e7,5.251248e6
1.017824e6,5.5004208e7,5.317744e6
1.029856e6,5.5685488e7,5.384304e6
1.041168e6,5.6366512e7,5.4508e6
1.053968e6,5.7050608e7,5.516848e6
1.06632e6,5.7732112e7,5.583344e6
1.078032e6,5.8417296e7,5.649904e6
1.08936e6,5.9097424e7,5.716016e6
1.102016e6,5.9781168e7,5.782384e6
1.114432e6,6.0464624e7,5.849072e6
1.126464e6,6.1147984e7,5.91544e6
1.139072e6,6.1829936e7,5.981936e6
1.152576e6,6.251392e7,6.048496e6
1.164096e6,6.3197216e7,6.115184e6
1.177984e6,6.3876704e7,6.181552e6
1.189696e6,6.456128e7,6.247728e6
1.202432e6,6.5243552e7,6.314416e6
1.214256e6,6.5926592e7,6.380784e6
1.226864e6,6.6608768e7,6.44696e6
1.23864e6,6.7294368e7,6.513136e6
1.25136e6,6.7974944e7,6.579696e6
1.26288e6,6.8657184e7,6.645872e6
1.275696e6,6.933904e7,6.71224e6
1.288496e6,7.001632e7,6.779248e6
1.301808e6,7.0703232e7,6.845808e6
1.31352e6,7.138888e7,6.911984e6
1.326384e6,7.2073232e7,6.978864e6
1.338736e6,7.2755664e7,7.04536e6
1.351152e6,7.3439856e7,7.111856e6
1.36376e6,7.4118736e7,7.178352e6
1.376432e6,7.4802416e7,7.244912e6
1.388144e6,7.548088e7,7.311408e6
1.400672e6,7.6162704e7,7.377776e6
1.413216e6,7.6844752e7,7.444144e6
1.425248e6,7.7529936e7,7.510512e6
1.437856e6,7.821432e7,7.5772e6
1.450272e6,7.8901136e7,7.643568e6
1.463136e6,7.9582896e7,7.710256e6
1.47568e6,8.0268656e7,7.776944e6
1.488224e6,8.0951344e7,7.843312e6
1.500128e6,8.1633616e7,7.909488e6
1.51184e6,8.2314896e7,7.976176e6
1.524448e6,8.2995856e7,8.042224e6
1.5368e6,8.3676528e7,8.108912e6
1.548672e6,8.4360144e7,8.175088e6
1.560448e6,8.5044928e7,8.241968e6
1.572864e6,8.5731168e7,8.308336e6
1.584448e6,8.642016e7,8.374512e6
1.596096e6,8.7103584e7,8.44088e6
1.608e6,8.778624e7,8.507504e6
1.620032e6,8.847056e7,8.573872e6
1.631808e6,8.9152064e7,8.640048e6
1.64344e6,8.9834944e7,8.706928e6
1.656144e6,9.0515328e7,8.773344e6
1.668944e6,9.1198016e7,8.839712e6
1.681744e6,9.1877056e7,8.905888e6
1.69448e6,9.2559344e7,8.972768e6
1.706768e6,9.323872e7,9.039648e6
1.718544e6,9.3920608e7,9.106336e6
1.731152e6,9.4601168e7,9.173216e6
1.743824e6,9.529176e7,9.239392e6
1.756432e6,9.597704e7,9.30576e6
1.769248e6,9.6665232e7,9.372448e6
1.781216e6,9.7346208e7,9.438816e6
1.793744e6,9.8029696e7,9.505696e6
1.806288e6,9.8713888e7,9.571872e6
1.81832e6,9.9395728e7,9.638752e6
1.830672e6,1.00075216e8,9.705248e6
1.843216e6,1.007556e8,9.772128e6
1.854864e6,1.0143512e8,9.838496e6
1.867408e6,1.02116528e8,9.905376e6
1.878736e6,1.02795696e8,9.971488e6
1.891472e6,1.03477648e8,1.0037856e7
1.903184e6,1.04159536e8,1.0104544e7
1.915792e6,1.04839824e8,1.0171744e7
1.927056e6,1.05519696e8,1.0238112e7
1.939792e6,1.06200592e8,1.03048e7
1.951568e6,1.06883216e8,1.0371488e7
1.964112e6,1.07569424e8,1.0437856e7
1.975824e6,1.08253168e8,1.0504224e7
1.987472e6,1.08939408e8,1.05704e7
1.99976e6,1.09621168e8,1.063728e7
2.011792e6,1.10303344e8,1.070416e7
2.023568e6,1.10987344e8,1.0770336e7
2.03624e6,1.1167096e8,1.0836704e7
2.048592e6,1.12355248e8,1.09032e7
2.061392e6,1.13038064e8,1.096976e7
2.072592e6,1.13721328e8,1.1036256e7
2.08424e6,1.1440128e8,1.1102816e7
2.095952e6,1.15087696e8,1.1169504e7
2.107728e6,1.1576848e8,1.1235872e7
2.120336e6,1.1644896e8,1.130256e7
2.132704e6,1.17132032e8,1.1368864e7
2.144096e6,1.17813664e8,1.143536e7
2.157024e6,1.1850016e8,1.150192e7
2.169312e6,1.19183168e8,1.1568608e7
2.181088e6,1.19867104e8,1.1635488e7
2.19376e6,1.20546736e8,1.1701984e7
2.206624e6,1.21228272e8,1.1768544e7
2.218144e6,1.21911408e8,1.183504e7
2.23056e6,1.22593584e8,1.1901088e7
2.242336e6,1.23275264e8,1.1967584e7
2.254896e6,1.23955392e8,1.2034464e7
2.266608e6,1.24637504e8,1.2100832e7
2.279344e6,1.25322752e8,1.216752e7
2.291888e6,1.2600512e8,1.2233696e7
2.30392e6,1.26686976e8,1.2301088e7
2.316016e6,1.27368672e8,1.2367968e7
2.327856e6,1.28051808e8,1.2434656e7
2.340464e6,1.2873584e8,1.2501536e7
2.353264e6,1.29419568e8,1.2568224e7
2.364976e6,1.30099568e8,1.2634592e7
2.377536e6,1.30782768e8,1.270128e7
2.38944e6,1.31462928e8,1.2767584e7
2.401472e6,1.32147184e8,1.2834464e7
2.412992e6,1.3282952e8,1.290096e7
2.425664e6,1.33508848e8,1.296752e7
2.438016e6,1.34193104e8,1.3034016e7
2.449728e6,1.34876464e8,1.3100576e7
2.462272e6,1.35560048e8,1.3166752e7
2.475136e6,1.36244528e8,1.3233632e7
2.48672e6,1.36923856e8,1.3299808e7
2.500416e6,1.376068e8,1.3366496e7
2.513024e6,1.38288816e8,1.3432352e7
2.524864e6,1.38972816e8,1.349872e7
2.537472e6,1.39655632e8,1.3565216e7
2.549056e6,1.40338512e8,1.3631264e7
2.56064e6,1.4102184e8,1.3697952e7
2.57312e6,1.4170584e8,1.376464e7
2.584832e6,1.42385744e8,1.3830816e7
2.596608e6,1.43068784e8,1.3897696e7
2.60896e6,1.43752496e8,1.3964064e7
2.621168e6,1.44432144e8,1.4030944e7
2.634608e6,1.45114672e8,1.409712e7
2.64632e6,1.4579992e8,1.4163488e7
2.65848e6,1.46484208e8,1.422992e7
2.67096e6,1.47168496e8,1.4296288e7
2.682928e6,1.47849808e8,1.4362144e7
2.695536e6,1.48530064e8,1.4429344e7
2.708144e6,1.49214032e8,1.4495712e7
2.720816e6,1.49897872e8,1.456208e7
2.732336e6,1.5057928e8,1.4628576e7
2.744064e6,1.51260208e8,1.4694944e7
2.756352e6,1.51942992e8,1.4761312e7
2.769088e6,1.5262728e8,1.4828e7
2.78272e6,1.53312592e8,1.4894368e7
2.794496e6,1.53995952e8,1.4961248e7
2.806272e6,1.54676592e8,1.5027744e7
2.818944e6,1.55358992e8,1.5093792e7
2.831808e6,1.5604008e8,1.51608e7
2.844352e6,1.56726096e8,1.522736e7
2.856064e6,1.57407984e8,1.5293856e7
2.868544e6,1.5809112e8,1.5360416e7
2.880832e6,1.58773456e8,1.5426592e7
2.892864e6,1.59455504e8,1.549328e7
2.905216e6,1.60138416e8,1.5559456e7
2.917504e6,1.60821392e8,1.5625952e7
2.92928e6,1.61505744e8,1.5692128e7
2.941824e6,1.62187312e8,1.5758496e7
2.953536e6,1.6286968e8,1.5825184e7
2.965264e6,1.63552144e8,1.5891872e7
2.97768e6,1.64234608e8,1.5958048e7
2.990416e6,1.64917968e8,1.6024608e7
3.002192e6,1.6560152e8,1.6090592e7
3.015952e6,1.6628184e8,1.6157664e7
3.028304e6,1.66966608e8,1.622416e7
3.041232e6,1.67653168e8,1.6290016e7
3.053648e6,1.68338256e8,1.6356896e7
3.066384e6,1.69019856e8,1.6423776e7
3.078096e6,1.69701488e8,1.6489952e7
3.091792e6,1.70385456e8,1.655632e7
3.1044e6,1.71068688e8,1.6622496e7
3.117328e6,1.7175272e8,1.6689376e7
3.128848e6,1.72434448e8,1.6755872e7
3.141392e6,1.7311704e8,1.682224e7
3.153104e6,1.73801968e8,1.6889632e7
3.165584e6,1.74484688e8,1.695632e7
3.176656e6,1.7516712e8,1.7022624e7
3.188688e6,1.75845616e8,1.7089504e7
3.200208e6,1.76526352e8,1.715568e7
3.211872e6,1.77210064e8,1.7222368e7
3.22448e6,1.77889392e8,1.7288224e7
3.237168e6,1.78572624e8,1.7354592e7
3.249584e6,1.79254032e8,1.742128e7
3.261232e6,1.7993256e8,1.7487456e7
3.272944e6,1.80616656e8,1.7553824e7
3.28664e6,1.81299088e8,1.7620192e7
3.29816e6,1.8198024e8,1.768688e7
3.31e6,1.82661424e8,1.7753568e7
3.322608e6,1.83342288e8,1.7819744e7
3.335152e6,1.84026288e8,1.7886624e7
3.347696e6,1.84708208e8,1.79528e7
3.360432e6,1.85392336e8,1.8019168e7
3.372144e6,1.86075472e8,1.8085856e7
3.384752e6,1.86757456e8,1.8152736e7
3.396784e6,1.87440336e8,1.8219424e7
3.4092e6,1.88124176e8,1.8285984e7
3.421808e6,1.88806192e8,1.8352672e7
3.43352e6,1.89489072e8,1.841936e7
3.445552e6,1.90170096e8,1.8485984e7
3.457408e6,1.90852192e8,1.8552544e7
3.468864e6,1.91536448e8,1.8618528e7
3.481728e6,1.92218048e8,1.8685408e7
3.49408e6,1.92901696e8,1.8751776e7
3.50592e6,1.9358272e8,1.8818464e7
3.518272e6,1.94266368e8,1.8885152e7
3.530496e6,1.94950592e8,1.8951712e7
3.543616e6,1.95634944e8,1.9018208e7
3.554432e6,1.96319744e8,1.9084768e7
3.566976e6,1.97000128e8,1.9150944e7
3.579008e6,1.97682656e8,1.9217824e7
3.59136e6,1.98365344e8,1.928432e7
3.603776e6,1.99046848e8,1.9350688e7
3.615552e6,1.99731712e8,1.9416544e7
3.628352e6,2.00414656e8,1.9483232e7
3.640896e6,2.01095776e8,1.9549408e7
3.653376e6,2.01776928e8,1.961648e7
3.66592e6,2.02458304e8,1.9682976e7
3.677952e6,2.031424e8,1.9749536e7
3.691392e6,2.03822144e8,1.9816032e7
3.703792e6,2.0450144e8,1.9882016e7
3.7164e6,2.05182464e8,1.9948192e7
3.728384e6,2.058664e8,2.001488e7
3.740928e6,2.06549152e8,2.0081248e7
3.754496e6,2.07233216e8,2.0148128e7
3.766208e6,2.07915424e8,2.0214816e7
3.779072e6,2.08598976e8,2.0282208e7
3.791424e6,2.09280128e8,2.0348384e7
3.804096e6,2.0996336e8,2.041456e7
3.816832e6,2.10645216e8,2.0481248e7
3.828672e6,2.11328736e8,2.0548128e7
3.840128e6,2.12011648e8,2.0615008e7
3.852608e6,2.12692512e8,2.0681696e7
3.86432e6,2.13373312e8,2.0748064e7
3.876096e6,2.14054752e8,2.0814944e7
3.887616e6,2.1473696e8,2.088112e7
3.900288e6,2.1541968e8,2.0947488e7
3.913728e6,2.16102496e8,2.1014176e7
3.925696e6,2.16787232e8,2.1080864e7
3.937984e6,2.1746944e8,2.114672e7
3.949888e6,2.18151168e8,2.1213408e7
3.962048e6,2.18833536e8,2.127952e7
3.974656e6,2.195192e8,2.1345568e7
3.987264e6,2.20202752e8,2.1412064e7
3.999104e6,2.20885984e8,2.1478944e7
4.011456e6,2.21564864e8,2.1545312e7
4.025344e6,2.22250464e8,2.1612192e7
4.037056e6,2.22930976e8,2.1678688e7
4.049664e6,2.23613888e8,2.1745568e7
4.062336e6,2.24293792e8,2.1812768e7
4.07424e6,2.24975136e8,2.1879136e7
4.086592e6,2.2565696e8,2.1945824e7
4.098432e6,2.26339008e8,2.2012192e7
4.110784e6,2.2702192e8,2.2079072e7
4.122496e6,2.27706272e8,2.2145248e7
4.13504e6,2.28387712e8,2.2211936e7
4.1472e6,2.29070304e8,2.2278496e7
4.159232e6,2.29750208e8,2.2344672e7
4.172096e6,2.30436576e8,2.241104e7
4.183872e6,2.31119936e8,2.2477536e7
4.196544e6,2.3180256e8,2.2543584e7
4.209408e6,2.32484576e8,2.261008e7
4.22184e6,2.3316736e8,2.2676448e7
4.233872e6,2.33854432e8,2.274224e7
4.245776e6,2.34535456e8,2.2808928e7
4.258064e6,2.3521544e8,2.2875808e7
4.270928e6,2.35896432e8,2.2943008e7
4.282704e6,2.36576144e8,2.3009376e7
4.29512e6,2.3725832e8,2.3076256e7
4.307152e6,2.37943152e8,2.3142432e7
4.31944e6,2.38627632e8,2.320912e7
4.330896e6,2.39310448e8,2.3275296e7
4.343632e6,2.3999264e8,2.3342176e7
4.356176e6,2.40674752e8,2.3409376e7
4.36904e6,2.41358816e8,2.3475936e7
4.381904e6,2.42039168e8,2.3542624e7
4.39432e6,2.42720736e8,2.3609312e7
4.406096e6,2.43403648e8,2.3675488e7
4.41864e6,2.44084832e8,2.3742368e7
4.430608e6,2.44765664e8,2.3808224e7
4.443232e6,2.45447392e8,2.3874912e7
4.455776e6,2.46131296e8,2.39416e7
4.468384e6,2.46813504e8,2.400848e7
4.48016e6,2.47494336e8,2.4074848e7
4.49232e6,2.48178288e8,2.4141152e7
4.503968e6,2.4886296e8,2.4207328e7
4.516512e6,2.49545472e8,2.4273696e7
4.529184e6,2.50226016e8,2.4340704e7
4.541792e6,2.50909088e8,2.4407264e7
4.554336e6,2.5159232e8,2.447376e7
4.566368e6,2.52273664e8,2.4540128e7
4.57872e6,2.52954048e8,2.4606496e7
4.591648e6,2.53635328e8,2.4672864e7
4.603424e6,2.54318368e8,2.473936e7
4.615968e6,2.550032e8,2.480624e7
4.628512e6,2.5568632e8,2.4872416e7
4.641248e6,2.56369296e8,2.4938976e7
4.653792e6,2.57049136e8,2.500496e7
4.6664e6,2.57729616e8,2.507152e7
4.679008e6,2.58411408e8,2.5138016e7
4.691936e6,2.59092784e8,2.5204576e7
4.704288e6,2.59774928e8,2.5271072e7
4.716528e6,2.60456368e8,2.5337632e7
4.72856e6,2.6114056e8,2.5403808e7
4.740464e6,2.61822992e8,2.5470688e7
4.75288e6,2.62508016e8,2.55368e7
4.765744e6,2.631892e8,2.5603488e7
4.778096e6,2.638724e8,2.5670176e7
4.790768e6,2.64554e8,2.5736736e7
4.803376e6,2.65237168e8,2.5803232e7
4.816176e6,2.65920816e8,2.5870112e7
4.828464e6,2.6660456e8,2.593648e7
4.840368e6,2.67287824e8,2.6003168e7
4.852912e6,2.67968496e8,2.6069344e7
4.864688e6,2.68652528e8,2.6135904e7
4.877168e6,2.69333104e8,2.620208e7
4.890144e6,2.70013264e8,2.626896e7
4.901664e6,2.70700368e8,2.6335648e7
4.913376e6,2.71383344e8,2.6402336e7
4.926752e6,2.72065168e8,2.6468704e7
4.938656e6,2.72748624e8,2.6535392e7
4.950944e6,2.73430352e8,2.660176e7
4.963808e6,2.74111632e8,2.6668448e7
4.976416e6,2.74795216e8,2.6734624e7
4.989088e6,2.75479248e8,2.6801184e7
5.000608e6,2.76164336e8,2.6867168e7
5.012576e6,2.76848016e8,2.6933728e7
5.02448e6,2.77531504e8,2.699984e7
5.036384e6,2.78214128e8,2.7066528e7
5.048928e6,2.7889976e8,2.7132704e7
5.060704e6,2.7958216e8,2.7199264e7
5.073232e6,2.80264912e8,2.7265248e7
5.085648e6,2.80946352e8,2.733232e7
5.097424e6,2.81631664e8,2.7397984e7
5.110224e6,2.82313552e8,2.7464352e7
5.1236e6,2.8299672e8,2.7530848e7
5.135248e6,2.83683856e8,2.7596896e7
5.14696e6,2.84364496e8,2.7663392e7
5.159824e6,2.85048784e8,2.772976e7
5.172432e6,2.85731824e8,2.7796128e7
5.184848e6,2.86415056e8,2.7863008e7
5.196624e6,2.87095216e8,2.7930016e7
5.20944e6,2.8777792e8,2.7996064e7
5.222816e6,2.88459552e8,2.8063072e7
5.235552e6,2.89141888e8,2.812912e7
5.247008e6,2.89823968e8,2.8195808e7
5.259872e6,2.90507008e8,2.8262176e7
5.271648e6,2.9119184e8,2.8328672e7
5.283936e6,2.91873664e8,2.8394976e7
5.296288e6,2.92555136e8,2.8461152e7
5.309088e6,2.9323648e8,2.8528032e7
5.320544e6,2.93919296e8,2.8594912e7
5.33328e6,2.94602464e8,2.866128e7
5.345952e6,2.9528416e8,2.8727968e7
5.358688e6,2.9596608e8,2.8795168e7
5.370464e6,2.96647168e8,2.8861536e7
5.382048e6,2.97331776e8,2.8927712e7
5.3944e6,2.98015488e8,2.899408e7
5.4072e6,2.9869736e8,2.9060768e7
5.418656e6,2.9937928e8,2.9126432e7
5.431616e6,3.00063696e8,2.9193504e7
5.443328e6,3.00743696e8,2.926e7
5.45728e6,3.01425392e8,2.932656e7
5.4688e6,3.0210984e8,2.9392544e7
5.481216e6,3.0279096e8,2.9458912e7
5.492992e6,3.03474832e8,2.952528e7
5.504704e6,3.04157904e8,2.9591648e7
5.51616e6,3.04839888e8,2.9658336e7
5.528064e6,3.05523344e8,2.9724704e7
5.53888e6,3.06205712e8,2.9790304e7
5.551488e6,3.06889424e8,2.9856992e7
5.563264e6,3.07571344e8,2.9923168e7
5.575936e6,3.08255088e8,2.9990048e7
5.588544e6,3.08935792e8,3.0056416e7
5.601088e6,3.09617328e8,3.0123104e7
5.613632e6,3.10299632e8,3.0188768e7
5.625792e6,3.10984272e8,3.0255648e7
5.63808e6,3.11667536e8,3.0321824e7
5.650688e6,3.12348176e8,3.0388192e7
5.663296e6,3.13032176e8,3.045456e7
5.675136e6,3.13713744e8,3.0521248e7
5.687616e6,3.14397072e8,3.0587104e7
5.70056e6,3.1508136e8,3.0653984e7
5.712848e6,3.1576328e8,3.0720672e7
5.724496e6,3.16444624e8,3.0787552e7
5.736208e6,3.17126128e8,3.0853728e7
5.74824e6,3.17808176e8,3.0920416e7
5.761424e6,3.18489616e8,3.0986784e7
5.773008e6,3.19170544e8,3.1053472e7
5.785616e6,3.1985128e8,3.1119328e7
5.797456e6,3.2053416e8,3.1186208e7
5.808656e6,3.2121752e8,3.125232e7
5.82056e6,3.21901424e8,3.1319712e7
5.832848e6,3.22583856e8,3.13864e7
5.845712e6,3.23266992e8,3.14536e7
5.858064e6,3.23947216e8,3.1519968e7
5.870992e6,3.24627792e8,3.1587168e7
5.8836e6,3.25309712e8,3.1653344e7
5.8964e6,3.2599256e8,3.1719904e7
5.908944e6,3.26676688e8,3.178608e7
5.92168e6,3.27358768e8,3.185296e7
5.935056e6,3.2804072e8,3.1919136e7
5.946832e6,3.2872392e8,3.1985504e7
5.95944e6,3.29407856e8,3.2052512e7
5.971536e6,3.300892e8,3.2119072e7
5.983632e6,3.30770544e8,3.2185568e7
5.9956e6,3.3145272e8,3.2252128e7
6.007056e6,3.32133232e8,3.2318624e7
6.020624e6,3.3281368e8,3.2385184e7
6.032336e6,3.33494928e8,3.2451872e7
6.0452e6,3.34177648e8,3.2518752e7
6.057808e6,3.34860976e8,3.258544e7
6.06984e6,3.3554552e8,3.2651744e7
6.08136e6,3.36229648e8,3.271824e7
6.093072e6,3.3691048e8,3.278512e7
6.10504e6,3.37593168e8,3.2851808e7
6.1176e6,3.38274928e8,3.2918368e7
6.130144e6,3.38956848e8,3.2984352e7
6.14192e6,3.39639472e8,3.3051232e7
6.154528e6,3.40321424e8,3.31176e7
6.166112e6,3.41004304e8,3.3183968e7
6.17872e6,3.41685456e8,3.3250464e7
6.1916e6,3.42367152e8,3.3316512e7
6.204016e6,3.43051504e8,3.33832e7
6.215792e6,3.43733712e8,3.3449376e7
6.228336e6,3.4441608e8,3.3515552e7
6.240368e6,3.45096688e8,3.3582112e7
6.25272e6,3.45780656e8,3.3648608e7
6.265264e6,3.46466032e8,3.3714976e7
6.278e6,3.47147088e8,3.3781152e7
6.290544e6,3.47830384e8,3.3847712e7
6.302512e6,3.48514608e8,3.3914208e7
6.314992e6,3.49197872e8,3.398128e7
6.327168e6,4.76872112e8,4.2239392e7
6.339264e6,4.77803472e8,4.232208e7
6.351872e6,4.78733328e8,4.2404448e7
6.363456e6,4.79666592e8,4.2486816e7
6.374976e6,4.80594288e8,4.2569312e7
6.387776e6,4.81523472e8,4.2652192e7
6.400064e6,4.82455168e8,4.273488e7
6.411968e6,4.83381728e8,4.281744e7
6.424256e6,4.84312416e8,4.2900128e7
6.43712e6,4.85243888e8,4.2982304e7
6.448896e6,4.86175136e8,4.3064992e7
6.461312e6,4.87104416e8,4.3147872e7
6.473088e6,4.88033744e8,4.323024e7
6.485888e6,4.88964016e8,4.331312e7
6.498176e6,4.8989408e8,4.3395616e7
6.51008e6,4.90823712e8,4.3477984e7
6.522624e6,4.91754256e8,4.3560672e7
6.535552e6,4.92683952e8,4.3643232e7
6.547072e6,4.9361592e8,4.3725728e7
6.559488e6,4.94545008e8,4.3808288e7
6.571008e6,4.95473872e8,4.3890976e7
6.582976e6,4.96406944e8,4.3973664e7
6.595968e6,4.97337376e8,4.4055968e7
6.607872e6,4.98268864e8,4.4138848e7
6.62016e6,4.9919824e8,4.4221536e7
6.632192e6,5.001312e8,4.4304416e7
6.6448e6,5.01060432e8,4.4387104e7
6.656256e6,5.01990224e8,4.4469792e7
6.667904e6,5.02915872e8,4.455216e7
6.681552e6,5.03850848e8,4.4634528e7
6.693264e6,5.04783872e8,4.4717024e7
6.706256e6,5.0571096e8,4.4799392e7
6.718544e6,5.06639744e8,4.488176e7
6.732304e6,5.07570304e8,4.4964128e7
6.74408e6,5.0850136e8,4.5046816e7
6.756496e6,5.09429296e8,4.5129184e7
6.768272e6,5.1036104e8,4.5212192e7
6.78216e6,5.11291568e8,4.529456e7
6.794448e6,5.1222168e8,4.5376736e7
6.806352e6,5.13151216e8,4.5459808e7
6.81864e6,5.14082128e8,4.5542304e7
6.830416e6,5.15010176e8,4.5624352e7
6.84328e6,5.15940048e8,4.570736e7
6.855568e6,5.1686704e8,4.5789344e7
6.86792e6,5.17796528e8,4.587152e7
6.88072e6,5.18727424e8,4.595472e7
6.892304e6,5.19661776e8,4.6037408e7
6.903824e6,5.20597696e8,4.6119456e7
6.916368e6,5.21528096e8,4.6201952e7
6.928464e6,5.2245696e8,4.6284832e7
6.941904e6,5.233892e8,4.6366688e7
6.953488e6,5.24318944e8,4.6449376e7
6.96552e6,5.2525e8,4.6531744e7
6.977808e6,5.26175296e8,4.6614624e7
6.98952e6,5.27104368e8,4.669712e7
7.002e6,5.28036512e8,4.678e7
7.013968e6,5.28965104e8,4.6861664e7
7.02632e6,5.29896848e8,4.6944224e7
7.038928e6,5.30828528e8,4.702672e7
7.0516e6,5.31758752e8,4.710928e7
7.063376e6,5.32687088e8,4.7191456e7
7.076176e6,5.33616624e8,4.7274144e7
7.088464e6,5.34543248e8,4.7356512e7
7.10024e6,5.35473936e8,4.74392e7
7.112528e6,5.3640528e8,4.7521824e7
7.125456e6,5.37337904e8,4.7604704e7
7.138064e6,5.38268176e8,4.768688e7
7.150736e6,5.3920024e8,4.776976e7
7.163088e6,5.4013064e8,4.7851424e7
7.175904e6,5.41062848e8,4.7933984e7
7.187616e6,5.41992672e8,4.801648e7
7.201184e6,5.42922864e8,4.809904e7
7.212896e6,5.43852704e8,4.818224e7
7.224672e6,5.4478264e8,4.8264608e7
7.237152e6,5.45710976e8,4.8347296e7
7.248864e6,5.46642928e8,4.8429984e7
7.261216e6,5.475772e8,4.851216e7
7.27344e6,5.4850776e8,4.8594528e7
7.285728e6,5.4943416e8,4.8676896e7
7.298208e6,5.5036144e8,4.8759776e7
7.30992e6,5.512944e8,4.884176e7
7.322848e6,5.52228672e8,4.892432e7
7.335456e6,5.53157712e8,4.9007008e7
7.348128e6,5.54088384e8,4.9089696e7
7.36048e6,5.55012928e8,4.9171872e7
7.372448e6,5.55944352e8,4.9254432e7
7.384352e6,5.56872096e8,4.9337056e7
7.396256e6,5.57805232e8,4.9419424e7
7.408544e6,5.58735568e8,4.9502112e7
7.421408e6,5.59665344e8,4.95848e7
7.433184e6,5.60595488e8,4.9667488e7
7.445024e6,5.61527568e8,4.9749856e7
7.458208e6,5.6245776e8,4.9832032e7
7.471008e6,5.63388304e8,4.9914912e7
7.483552e6,5.6431736e8,4.9996768e7
7.495456e6,5.65248992e8,5.0079648e7
7.508e6,5.66179472e8,5.0161824e7
7.520096e6,5.67110032e8,5.0244512e7
7.53328e6,5.68041344e8,5.0326688e7
7.544864e6,5.68973152e8,5.0409568e7
7.55664e6,5.69902912e8,5.0492448e7
7.569184e6,5.70831728e8,5.0574816e7
7.580896e6,5.717632e8,5.0656992e7
7.593376e6,5.7269512e8,5.073968e7
7.604832e6,5.73626976e8,5.0822368e7
7.616864e6,5.74556976e8,5.0904416e7
7.629472e6,5.75490368e8,5.0987104e7
7.641504e6,5.76424288e8,5.1069728e7
7.654112e6,5.77351424e8,5.1151904e7
7.666112e6,5.78282976e8,5.1234272e7
7.678656e6,5.792128e8,5.131664e7
7.691392e6,5.80144176e8,5.139952e7
7.70368e6,5.81078416e8,5.1481696e7
7.715648e6,5.8200832e8,5.1564384e7
7.728128e6,5.82937136e8,5.1646752e7
7.739968e6,5.83867824e8,5.172944e7
7.752576e6,5.8479984e8,5.1811616e7
7.76512e6,5.85731776e8,5.1894176e7
7.776576e6,5.86658832e8,5.1976672e7
7.788736e6,5.8759368e8,5.2059232e7
7.800768e6,5.88522816e8,5.2141728e7
7.814144e6,5.8945224e8,5.2224288e7
7.826368e6,5.903844e8,5.2307296e7
7.838912e6,5.9131296e8,5.2389664e7
7.850944e6,5.92243904e8,5.2472032e7
7.863488e6,5.93171984e8,5.2555424e7
7.874944e6,5.94099888e8,5.26376e7
7.887424e6,5.95031776e8,5.2720288e7
7.898752e6,5.95958896e8,5.2802592e7
7.91168e6,5.96891152e8,5.288496e7
7.924032e6,5.97821616e8,5.2967136e7
7.936704e6,5.98749856e8,5.3050016e7
7.948736e6,5.99680448e8,5.3132512e7
7.96128e6,6.006084e8,5.3215584e7
7.973568e6,6.0154216e8,5.329808e7
7.985216e6,6.02471952e8,5.3380448e7
7.996672e6,6.03402224e8,5.3463328e7
8.009536e6,6.04333616e8,5.3546016e7
8.021312e6,6.05266864e8,5.3628192e7
8.033728e6,6.06196464e8,5.3711072e7
8.046336e6,6.07129632e8,5.379344e7
8.059136e6,6.08060512e8,5.3875808e7
8.071104e6,6.08990256e8,5.3958496e7
8.083584e6,6.09923952e8,5.4041184e7
8.096128e6,6.10853136e8,5.4123552e7
8.107968e6,6.11782688e8,5.420624e7
8.12032e6,6.1271184e8,5.4288608e7
8.133248e6,6.13640464e8,5.4371296e7
8.1456e6,6.14569376e8,5.4453984e7
8.158656e6,6.15502576e8,5.4536544e7
8.169728e6,6.16434768e8,5.4618656e7
8.182464e6,6.17362976e8,5.4701344e7
8.195008e6,6.1829432e8,5.4784032e7
8.206784e6,6.1922664e8,5.4866912e7
8.219392e6,6.20156544e8,5.494928e7
8.232064e6,6.21084768e8,5.5031648e7
8.244416e6,6.22010784e8,5.5114144e7
8.257216e6,6.2294056e8,5.5196704e7
8.269184e6,6.238716e8,5.527888e7
8.281408e6,6.24803424e8,5.5361248e7
8.292864e6,6.2573456e8,5.5443936e7
8.304704e6,6.2666112e8,5.5526624e7
8.31648e6,6.2759184e8,5.56088e7
8.329984e6,6.28526192e8,5.569136e7
8.342592e6,6.29452624e8,5.5773856e7
8.35456e6,6.30384448e8,5.5856928e7
8.366016e6,6.31312624e8,5.5939424e7
8.378496e6,6.32244704e8,5.6021984e7
8.391296e6,6.33177136e8,5.610416e7
8.403904e6,6.34107648e8,5.6186528e7
8.416512e6,6.35037824e8,5.6269728e7
8.427712e6,6.3597128e8,5.6352352e7
8.44032e6,6.36897632e8,5.643504e7
8.452288e6,6.37825952e8,5.65176e7
8.464e6,6.38756544e8,5.6600096e7
8.47648e6,6.3968816e8,5.6682656e7
8.489024e6,6.406176e8,5.676464e7
8.501952e6,6.41549408e8,5.68472e7
8.51456e6,6.42479408e8,5.6929376e7
8.526976e6,6.43410816e8,5.7011552e7
8.538496e6,6.443432e8,5.709424e7
8.551296e6,6.4526928e8,5.717712e7
8.563264e6,6.46197072e8,5.7259808e7
8.576704e6,6.47129424e8,5.7342176e7
8.58912e6,6.48060416e8,5.7424544e7
8.601984e6,6.48990224e8,5.7507232e7
8.613504e6,6.49916688e8,5.758992e7
8.626176e6,6.50849408e8,5.767248e7
8.63712e6,6.51785664e8,5.7754976e7
8.649696e6,6.5271344e8,5.7837536e7
8.661984e6,6.53643408e8,5.7920032e7
8.67472e6,6.54573968e8,5.8002592e7
8.686048e6,6.55503328e8,5.8085024e7
8.69872e6,6.5643736e8,5.8167392e7
8.710752e6,6.57367232e8,5.824976e7
8.723168e6,6.58300768e8,5.8332128e7
8.735776e6,6.59232736e8,5.8414304e7
8.74832e6,6.6016056e8,5.8496672e7
8.760032e6,6.61094112e8,5.8579168e7
8.772512e6,6.62023616e8,5.8661728e7
8.784224e6,6.62951312e8,5.8743904e7
8.796832e6,6.63884176e8,5.8826784e7
8.808608e6,6.6481184e8,5.890928e7
8.821024e6,6.65742608e8,5.899216e7
8.8328e6,6.66674304e8,5.9074528e7
8.845344e6,6.67605232e8,5.9157216e7
8.857056e6,6.68532e8,5.9239392e7
8.869536e6,6.69462688e8,5.932176e7
8.88208e6,6.70392816e8,5.9404128e7
8.895008e6,6.71326608e8,5.9487008e7
8.906784e6,6.72254864e8,5.9569504e7
8.9192e6,6.73185248e8,5.9651552e7
8.93072e6,6.74116368e8,5.9734048e7
8.942688e6,6.75048592e8,5.9816608e7
8.955104e6,6.75980352e8,5.9899232e7
8.966496e6,6.76912768e8,5.9982112e7
8.97904e6,6.77842528e8,6.0064288e7
8.991904e6,6.78775152e8,6.0147168e7
9.004512e6,6.79704608e8,6.0229664e7
9.016928e6,6.80631696e8,6.0312224e7
9.0296e6,6.81561344e8,6.0394912e7
9.042592e6,6.82490592e8,6.0478304e7
9.055968e6,6.83419504e8,6.05608e7
9.067872e6,6.8434496e8,6.064368e7
9.080416e6,6.85277648e8,6.0725856e7
9.093344e6,6.86208496e8,6.0808416e7
9.105696e6,6.87140288e8,6.0891104e7
9.118368e6,6.8806912e8,6.0973984e7
9.130144e6,6.88998944e8,6.105648e7
9.1432e6,6.89931568e8,6.113936e7
9.155488e6,6.90864144e8,6.1221728e7
9.167968e6,6.91791216e8,6.1304416e7
9.180512e6,6.92721696e8,6.1387104e7
9.192544e6,6.93651296e8,6.1469984e7
9.20624e6,6.94579712e8,6.1552352e7
9.218528e6,6.955092e8,6.1635168e7
9.231136e6,6.96441856e8,6.1717664e7
9.24368e6,6.97370464e8,6.1800032e7
9.255648e6,6.98299856e8,6.18824e7
9.267872e6,6.99230464e8,6.1965088e7
9.279584e6,7.00163216e8,6.2047264e7
9.291424e6,7.01094768e8,6.2129312e7
9.303776e6,7.02024928e8,6.2211808e7
9.316576e6,7.02954032e8,6.2294368e7
9.329056e6,7.03883744e8,6.2376864e7
9.341856e6,7.04812272e8,6.2459744e7
9.353568e6,7.05742784e8,6.2542112e7
9.366048e6,7.06672336e8,6.26248e7
9.37776e6,7.07603392e8,6.2706976e7
9.390624e6,7.08535696e8,6.2789856e7
9.402976e6,7.09462112e8,6.2872224e7
9.414816e6,7.10391856e8,6.2954912e7
9.428256e6,7.1132336e8,6.303728e7
9.440224e6,7.12254592e8,6.3119968e7
9.452768e6,7.13189776e8,6.3201824e7
9.465248e6,7.14119664e8,6.3284512e7
9.477408e6,7.15051488e8,6.3367136e7
9.490336e6,7.15979984e8,6.3449696e7
9.502112e6,7.16909488e8,6.3532384e7
9.513568e6,7.17837424e8,6.3615072e7
9.525216e6,7.18766688e8,6.369744e7
9.53776e6,7.19699616e8,6.3779808e7
9.549472e6,7.20629824e8,6.3862304e7
9.562208e6,7.215596e8,6.3944864e7
9.574624e6,7.22488592e8,6.402704e7
9.587616e6,7.23422896e8,6.4109408e7
9.599136e6,7.24352096e8,6.4192096e7
9.61264e6,7.25283968e8,6.4274784e7
9.625504e6,7.26214528e8,6.4357152e7
9.63808e6,7.2714384e8,6.443984e7
9.650624e6,7.280752e8,6.4522208e7
9.66336e6,7.29006864e8,6.4604576e7
9.674816e6,7.29935088e8,6.4687072e7
9.686912e6,7.30864384e8,6.4769632e7
9.69952e6,7.3179608e8,6.4851808e7
9.712192e6,7.3272264e8,6.4935008e7
9.7248e6,7.3365824e8,6.5017184e7
9.73856e6,7.34588336e8,6.5100064e7
9.74976e6,7.35519408e8,6.5182688e7
9.762496e6,7.36449568e8,6.526576e7
9.77504e6,7.37377952e8,6.5348256e7
9.786816e6,7.3830936e8,6.5430816e7
9.798336e6,7.3923856e8,6.5513312e7
9.810752e6,7.40172096e8,6.559568e7
9.823616e6,7.410996e8,6.5678048e7
9.836416e6,7.42031904e8,6.5760224e7
9.848704e6,7.42966368e8,6.5842592e7
9.86144e6,7.43898624e8,6.5924768e7
9.873984e6,7.44829888e8,6.6007456e7
9.88608e6,7.45760128e8,6.6089504e7
9.898432e6,7.46688896e8,6.6172e7
9.911104e6,7.47621056e8,6.625456e7
9.922624e6,7.48550208e8,6.6336544e7
9.935424e6,7.49478016e8,6.6419424e7
9.947968e6,7.50410176e8,6.65016e7
9.959872e6,7.51342608e8,6.658448e7
9.972416e6,7.52270672e8,6.6666656e7
9.98528e6,7.53203728e8,6.6749536e7
9.9968e6,7.5413632e8,6.6831904e7
1.000992e7,7.55066336e8,6.6914208e7
1.0022528e7,7.55997552e8,6.6996896e7
1.0034496e7,7.56929536e8,6.7079264e7
1.0045824e7,7.57861568e8,6.716176e7
1.0058688e7,7.58787456e8,6.724464e7
1.0071232e7,7.59714336e8,6.7327008e7
1.0084032e7,7.60644448e8,6.7409696e7
1.0096512e7,7.61572928e8,6.7492384e7
1.0109184e7,7.62503952e8,6.7574944e7
1.0120704e7,7.63432416e8,6.765744e7
1.0132416e7,7.64364704e8,6.774032e7
1.014496e7,7.65295296e8,6.7822496e7
1.0156608e7,7.6622176e8,6.7905056e7
1.0169408e7,7.67153072e8,6.7987232e7
1.0182272e7,7.6808512e8,6.8070432e7
1.0194048e7,7.69016352e8,6.8152608e7
1.0206208e7,7.69947184e8,6.8234976e7
1.0218816e7,7.70874864e8,6.8317664e7
1.0230528e7,7.7180664e8,6.8400224e7
1.0243072e7,7.7273928e8,6.848272e7
1.0255808e7,7.73669936e8,6.8565088e7
1.026688e7,7.74601456e8,6.8647712e7
1.0279232e7,7.7552664e8,6.8730592e7
1.0291584e7,7.76454944e8,6.881296e7
1.0303168e7,7.77382896e8,6.8895648e7
1.031552e7,7.78315536e8,6.8978016e7
1.0327488e7,7.79244304e8,6.9060704e7
1.0340032e7,7.80171008e8,6.9143392e7
1.0352512e7,7.81104912e8,6.9225952e7
1.0363968e7,7.820348e8,6.9308128e7
1.0376e7,7.82971632e8,6.9391008e7
1.0388352e7,7.83898496e8,6.9473696e7
1.0400192e7,7.8483096e8,6.9556384e7
1.04128e7,7.85762032e8,6.9638752e7
1.04256e7,7.8669248e8,6.972112e7
1.0437888e7,7.87626768e8,6.9803296e7
1.0449664e7,7.88559808e8,6.9885984e7
1.0461248e7,7.89488512e8,6.9969184e7
1.0474176e7,7.9042096e8,7.0051744e7
1.0487616e7,7.91350144e8,7.0134432e7
1.0500544e7,7.92281936e8,7.021712e7
1.0513024e7,7.93215344e8,7.0299488e7
1.0525696e7,7.94145632e8,7.0381856e7
1.0536768e7,7.95070592e8,7.046448e7
1.0548928e7,7.96000736e8,7.0547168e7
1.0562048e7,7.96929872e8,7.0629536e7
1.057408e7,7.9786088e8,7.0712416e7
1.0586688e7,7.9878784e8,7.0795104e7
1.0600192e7,7.9972096e8,7.0877472e7
1.061184e7,8.00652432e8,7.0959968e7
1.0623728e7,8.01584912e8,7.1042528e7
1.0636272e7,8.02514528e8,7.1124704e7
1.0648176e7,8.03446096e8,7.1207072e7
1.0660208e7,8.04378304e8,7.1289568e7
1.0672304e7,8.05312112e8,7.1371936e7
1.0684656e7,8.06240384e8,7.14536e7
1.0696368e7,8.0717432e8,7.153648e7
1.0708848e7,8.0810744e8,7.1618848e7
1.0720816e7,8.09033232e8,7.1701728e7
1.073336e7,8.09966464e8,7.1784416e7
1.0746096e7,8.1089304e8,7.1867616e7
1.0758384e7,8.11824384e8,7.1950304e7
1.077016e7,8.12754944e8,7.2033184e7
1.0782192e7,8.13686368e8,7.211536e7
1.0794224e7,8.14616352e8,7.2197856e7
1.0806576e7,8.15547104e8,7.2280544e7
1.0819376e7,8.16478448e8,7.2363232e7
1.0831088e7,8.17410976e8,7.2445408e7
1.0843824e7,8.1833856e8,7.2527968e7
1.0856112e7,8.192688e8,7.2610656e7
1.0867952e7,8.20198192e8,7.2693344e7
1.088056e7,8.21128608e8,7.2775712e7
1.0893232e7,8.22057568e8,7.285808e7
1.0905968e7,8.2298736e8,7.2940256e7
1.091768e7,8.23916208e8,7.3022944e7
1.0930096e7,8.24845376e8,7.3105312e7
1.0942832e7,8.25776464e8,7.3187488e7
1.0954544e7,8.2670736e8,7.3270368e7
1.0966576e7,8.27636368e8,7.3353248e7
1.0979184e7,8.2856736e8,7.3435424e7
1.0991344e7,8.2949896e8,7.3518112e7
1.1002864e7,8.3042832e8,7.360048e7
1.1014832e7,8.31356752e8,7.3682656e7
1.102712e7,8.32285136e8,7.3765024e7
1.1039856e7,8.33218096e8,7.3847904e7
1.1052016e7,8.34149728e8,7.3930336e7
1.1064944e7,8.35080672e8,7.4012896e7
1.1077808e7,8.36011552e8,7.4095392e7
1.1090224e7,8.36941776e8,7.4177952e7
1.1102e7,8.37867808e8,7.426064e7
1.11148e7,8.38798832e8,7.4343328e7
1.1127344e7,8.39732496e8,7.4425504e7
1.1139824e7,8.40666016e8,7.4508064e7
1.1151536e7,8.41596576e8,7.459056e7
1.1164144e7,8.4252376e8,7.4672928e7
1.1176752e7,8.434552e8,7.4755296e7
1.1188592e7,8.44387008e8,7.4838176e7
1.1200944e7,8.45316928e8,7.4920672e7
1.1212912e7,8.46248832e8,7.5003232e7
1.1225456e7,8.47177568e8,7.5085408e7
1.1237936e7,8.481056e8,7.5168096e7
1.1249648e7,8.49034896e8,7.5250784e7
1.126232e7,8.49965392e8,7.5333664e7
1.1274352e7,8.50894064e8,7.5416032e7
1.1286768e7,8.51820992e8,7.54984e7
1.1299376e7,8.52753984e8,7.5581088e7
1.131192e7,8.5368368e8,7.5664288e7
1.1322992e7,8.5461544e8,7.57464e7
1.1335984e7,8.5554496e8,7.5828256e7
1.1348272e7,8.5647568e8,7.5910624e7
1.1359472e7,8.57406432e8,7.5992992e7
1.1372656e7,8.5833912e8,7.6075168e7
1.1384496e7,8.5927192e8,7.6158048e7
1.1397936e7,8.60200752e8,7.6240544e7
1.1409904e7,8.61128912e8,7.6323424e7
1.1421616e7,8.62059056e8,7.6405792e7
1.1434928e7,8.62989024e8,7.648816e7
1.144664e7,8.6392088e8,7.6570656e7
1.1459312e7,8.64851152e8,7.6653536e7
1.147e7,8.6577976e8,7.6735904e7
1.1482416e7,8.66708288e8,7.6818784e7
1.149528e7,8.6763728e8,7.690128e7
1.150808e7,8.6856952e8,7.698416e7
1.1520624e7,8.69499744e8,7.7066528e7
1.1533104e7,8.70427376e8,7.7149216e7
1.1544816e7,8.71358128e8,7.7231904e7
1.1556592e7,8.72287968e8,7.7314272e7
1.1570288e7,8.73222848e8,7.739664e7
1.1582576e7,8.74156256e8,7.7478944e7
1.1595184e7,8.75085104e8,7.756144e7
1.1607152e7,8.76015312e8,7.7644e7
1.1619184e7,8.76947088e8,7.7726496e7
1.163192e7,8.77878192e8,7.7809056e7
1.1644464e7,8.78806064e8,7.7891744e7
1.165656e7,8.79735312e8,7.7974112e7
1.1668912e7,8.806688e8,7.8056608e7
1.1680752e7,8.81597808e8,7.8138976e7
1.1693104e7,8.825304e8,7.8221664e7
1.1706416e7,8.8346304e8,7.8304224e7
1.1718704e7,8.84391648e8,7.838672e7
1.173144e7,8.85322496e8,7.846928e7
1.1743728e7,8.86252992e8,7.8551456e7
1.175576e7,8.87184272e8,7.8634144e7
1.1768112e7,8.88115744e8,7.871632e7
1.1780784e7,8.89046656e8,7.87992e7
1.179256e7,8.899752e8,7.8881888e7
1.1805616e7,8.90905488e8,7.896496e7
1.1817648e7,8.91840784e8,7.9046944e7
1.1830512e7,8.92773392e8,7.9129824e7
1.1841712e7,8.93704944e8,7.9212128e7
1.185464e7,8.94634592e8,7.9295328e7
1.186808e7,8.9556712e8,7.9377696e7
1.1881008e7,8.96497216e8,7.9460064e7
1.1892528e7,8.97427248e8,7.954224e7
1.1905072e7,8.98357504e8,7.962512e7
1.1916784e7,8.99286816e8,7.9708128e7
1.1929392e7,9.00217792e8,7.9790688e7
1.1942064e7,9.01143072e8,7.9872864e7
1.195384e7,9.02075408e8,7.9955744e7
1.1966448e7,9.03007616e8,8.0037728e7
1.1978992e7,9.03937856e8,8.0120096e7
1.1991472e7,9.048688e8,8.0202784e7
1.200344e7,9.05794128e8,8.0285344e7
1.2015728e7,9.0672472e8,8.036784e7
1.2028464e7,9.07658784e8,8.045072e7
1.2041008e7,9.08586912e8,8.0533088e7
1.2053936e7,9.09516864e8,8.0615776e7
1.20668e7,9.10446544e8,8.0698144e7
1.2079216e7,9.11380304e8,8.0780832e7
1.2090992e7,9.12310656e8,8.08632e7
1.210384e7,9.13239952e8,8.0945568e7
1.2115744e7,9.14169504e8,8.1028192e7
1.2127648e7,9.15101648e8,8.111056e7
1.2139936e7,9.1603168e8,8.1193056e7
1.2152224e7,9.1696176e8,8.1275936e7
1.216432e7,9.17892288e8,8.1358112e7
1.217616e7,9.18820016e8,8.1440992e7
1.2188512e7,9.1974544e8,8.152368e7
1.220048e7,9.20675216e8,8.1606048e7
1.2212768e7,9.21602208e8,8.1688416e7
1.2224672e7,9.22533136e8,8.1770784e7
1.223696e7,9.23463056e8,8.1852768e7
1.22488e7,9.24393568e8,8.1935328e7
1.2261408e7,9.25324736e8,8.2017312e7
1.227408e7,9.26251392e8,8.2100192e7
1.2286688e7,9.27179536e8,8.218288e7
1.2298656e7,9.2811112e8,8.226544e7
1.23112e7,9.29041008e8,8.2347936e7
1.2324768e7,9.2997072e8,8.2430496e7
1.2336544e7,9.30901776e8,8.2512672e7
